Staff_ID,BranchID,FullName,Email,Role,Address,MobileNumber
1,17,Phyllis Jakubowicz,pjakubowicz0@forbes.com,Construction Expeditor,PO Box 34362,(502) 6832809
2,14,Genevieve Phair,gphair1@tmall.com,Subcontractor,Apt 137,(895) 4321057
3,4,Basilius Sorey,bsorey2@mozilla.com,Subcontractor,PO Box 85267,(437) 9615188
4,15,Gray Hutson,ghutson3@chicagotribune.com,Architect,15th Floor,(599) 2471140
5,13,Obie Greenalf,ogreenalf4@ustream.tv,Construction Foreman,PO Box 16314,(427) 2540106
6,16,Kendra Chaffer,kchaffer5@bravesites.com,Architect,Apt 779,(115) 8250109
7,10,Candace Babbage,cbabbage6@quantcast.com,Surveyor,PO Box 22505,(527) 6344467
8,6,Hollis Phelip,hphelip7@google.cn,Surveyor,Suite 79,(357) 5426882
9,12,Leia Dmych,ldmych8@photobucket.com,Supervisor,13th Floor,(999) 9713465
10,2,Artie McCarry,amccarry9@alexa.com,Project Manager,Suite 70,(640) 5026158
11,8,Melamie Lilleman,mlillemana@smh.com.au,Engineer,Suite 87,(212) 9261928
12,9,Thayne Perceval,tpercevalb@google.ca,Construction Worker,Room 1882,(104) 2302776
13,7,Mommy Gillinghams,mgillinghamsc@blinklist.com,Construction Worker,Room 882,(836) 1307632
14,3,Curran Linck,clinckd@yolasite.com,Project Manager,Suite 71,(380) 8287958
15,1,Blithe McKane,bmckanee@tinypic.com,Surveyor,Suite 70,(307) 3025453
16,20,Jillie Basterfield,jbasterfieldf@hubpages.com,Estimator,Room 5,(215) 5822269
17,5,Pancho Turner,pturnerg@ebay.com,Subcontractor,14th Floor,(490) 8013151
18,18,Twila Quillinane,tquillinaneh@seesaa.net,Supervisor,Room 1396,(643) 6519817
19,11,Svend Bowdery,sbowderyi@homestead.com,Estimator,Suite 58,(730) 4246667
20,19,Bernard Delgua,bdelguaj@e-recht24.de,Electrician,17th Floor,(565) 7517988
21,18,Leone Knightley,lknightleyk@toplist.cz,Project Manager,PO Box 54535,(288) 4442301
22,13,Ronnie Jedrzejczyk,rjedrzejczykl@engadget.com,Surveyor,PO Box 11319,(484) 6503895
23,20,Agnesse Busch,abuschm@oracle.com,Project Manager,Suite 18,(327) 5168726
24,3,Alexandra Andreoletti,aandreolettin@skype.com,Supervisor,PO Box 33441,(234) 9952647
25,10,Niccolo de Vaen,ndeo@disqus.com,Supervisor,Room 498,(654) 6963815
26,17,Reagan Daveridge,rdaveridgep@studiopress.com,Construction Expeditor,PO Box 29218,(725) 7387373
27,6,Leola Stodit,lstoditq@foxnews.com,Construction Worker,Suite 68,(324) 2664722
28,8,Gordan Gaskoin,ggaskoinr@webmd.com,Construction Expeditor,2nd Floor,(897) 6813327
29,2,Renata Bloxsom,rbloxsoms@artisteer.com,Construction Worker,Apt 1040,(107) 7160587
30,16,Read Malan,rmalant@google.com,Construction Expeditor,PO Box 81940,(981) 8733729
31,19,Darci Tarbox,dtarboxu@bbb.org,Engineer,PO Box 69378,(148) 6788329
32,11,Darill Maryman,dmarymanv@disqus.com,Construction Manager,6th Floor,(231) 6074403
33,7,Alphonse Ferrarese,aferraresew@jigsy.com,Engineer,Suite 99,(916) 9710051
34,4,Wayne Adderley,wadderleyx@eepurl.com,Subcontractor,16th Floor,(801) 5954360
35,5,Myrtie Wigg,mwiggy@archive.org,Subcontractor,13th Floor,(982) 6196651
36,1,Vicky Falls,vfallsz@biblegateway.com,Architect,Suite 71,(523) 2681675
37,14,Nester Gewer,ngewer10@usgs.gov,Surveyor,1st Floor,(305) 2422901
38,9,Anny Melato,amelato11@walmart.com,Surveyor,Room 728,(963) 5693815
39,15,Rosalyn Hanby,rhanby12@cnbc.com,Supervisor,PO Box 55039,(578) 6388088
40,12,Barn Hayer,bhayer13@dyndns.org,Construction Worker,Room 515,(921) 9763195
41,8,Maxine Cicccitti,mcicccitti14@sciencedaily.com,Construction Manager,Room 86,(536) 7981314
42,7,Ty Gorce,tgorce15@elegantthemes.com,Project Manager,Apt 52,(243) 9262506
43,4,Alfie Oki,aoki16@mail.ru,Subcontractor,Suite 45,(501) 6883470
44,9,Audra Samart,asamart17@patch.com,Subcontractor,7th Floor,(518) 3884206
45,17,Alberik Varnam,avarnam18@studiopress.com,Engineer,PO Box 9928,(129) 2329451
46,11,Tybi Evison,tevison19@hibu.com,Supervisor,15th Floor,(703) 9420520
47,12,Austin Brinkler,abrinkler1a@meetup.com,Construction Expeditor,Apt 744,(915) 4740681
48,19,Jannel Sayward,jsayward1b@chronoengine.com,Surveyor,Apt 1476,(997) 7909038
49,1,Annissa Coxen,acoxen1c@ucoz.ru,Architect,PO Box 88437,(660) 6609920
50,10,Pinchas Bloy,pbloy1d@delicious.com,Construction Expeditor,PO Box 72767,(108) 2945591
51,16,Rosalind Highman,rhighman1e@taobao.com,Electrician,Apt 1405,(325) 4736646
52,14,Iago Jurczyk,ijurczyk1f@scribd.com,Construction Worker,Apt 1288,(282) 5871592
53,8,Umberto Devenny,udevenny1g@nyu.edu,Estimator,Apt 854,(102) 3372912
54,6,Valery Quinton,vquinton1h@gnu.org,Electrician,Apt 1746,(770) 9918867
55,12,Theobald Javes,tjaves1i@woothemes.com,Surveyor,Suite 74,(459) 4563146
56,17,Karl Tukely,ktukely1j@fda.gov,Supervisor,PO Box 60729,(195) 5161831
57,11,Algernon Mar,amar1k@adobe.com,Project Manager,PO Box 86717,(664) 9138878
58,7,Fidela Gingedale,fgingedale1l@who.int,Subcontractor,Room 1035,(652) 8360581
59,19,Toiboid Landrean,tlandrean1m@omniture.com,Supervisor,Apt 807,(940) 7827025
60,20,Jammal Godlip,jgodlip1n@drupal.org,Construction Manager,Room 539,(771) 8776068
61,3,Dawna Mitrikhin,dmitrikhin1o@flavors.me,Construction Manager,Room 1809,(221) 4881616
62,9,Franklin Galfour,fgalfour1p@cbslocal.com,Engineer,8th Floor,(315) 7650351
63,2,Joelie Boome,jboome1q@pbs.org,Construction Foreman,15th Floor,(880) 9157182
64,13,Kasper Letch,kletch1r@theatlantic.com,Project Manager,PO Box 27184,(904) 2017001
65,18,Neille Egdal,negdal1s@wikipedia.org,Construction Foreman,Room 1801,(465) 4890733
66,1,Bernardina Paffitt,bpaffitt1t@nba.com,Supervisor,Room 1332,(733) 4134095
67,4,Ganny MacQuaker,gmacquaker1u@ask.com,Architect,Room 1697,(139) 2284771
68,5,Constantine Norquay,cnorquay1v@unesco.org,Construction Expeditor,Apt 1735,(222) 7243166
69,10,Gusta Drissell,gdrissell1w@wikispaces.com,Construction Expeditor,4th Floor,(608) 1148352
70,15,Melba Fennell,mfennell1x@amazon.co.jp,Engineer,Room 667,(516) 1900131
71,18,Adlai Elphey,aelphey1y@nytimes.com,Project Manager,PO Box 99338,(456) 9882698
72,17,Clint Harrigan,charrigan1z@phpbb.com,Architect,Suite 21,(832) 1596538
73,9,Roger Hildred,rhildred20@ted.com,Construction Manager,PO Box 17898,(701) 1534617
74,4,Theo Stonman,tstonman21@51.la,Construction Expeditor,16th Floor,(969) 1653423
75,20,Udale Kenderdine,ukenderdine22@gov.uk,Surveyor,Room 1534,(696) 8752797
76,7,Wyn Cuppleditch,wcuppleditch23@wisc.edu,Surveyor,Apt 550,(819) 3104334
77,16,Darelle Darben,ddarben24@privacy.gov.au,Supervisor,10th Floor,(520) 6931822
78,3,Yulma Ende,yende25@japanpost.jp,Supervisor,PO Box 49617,(679) 2456975
79,14,Modestine De Ferraris,mde26@hostgator.com,Electrician,Suite 77,(310) 8092247
80,13,Atalanta Dummett,adummett27@upenn.edu,Construction Foreman,Apt 1308,(828) 9473359
81,6,Celesta Maginot,cmaginot28@pcworld.com,Construction Manager,PO Box 54513,(126) 5899241
82,12,Jannelle Nyssens,jnyssens29@pinterest.com,Construction Foreman,Suite 20,(641) 2395147
83,19,Audrey Swale,aswale2a@discuz.net,Construction Worker,17th Floor,(991) 3100336
84,2,Raoul Davydochkin,rdavydochkin2b@newsvine.com,Construction Manager,PO Box 80129,(273) 3750797
85,1,Selina Dimic,sdimic2c@epa.gov,Surveyor,Room 262,(767) 7661463
86,10,Armstrong Hurton,ahurton2d@linkedin.com,Construction Expeditor,13th Floor,(262) 8891316
87,8,Rupert Boundley,rboundley2e@nasa.gov,Project Manager,Suite 88,(604) 5398206
88,15,Bennie Glaze,bglaze2f@admin.ch,Subcontractor,Room 1374,(371) 6353572
89,5,Renae Bullers,rbullers2g@prnewswire.com,Architect,PO Box 19628,(480) 9044774
90,11,Christiane Winterburn,cwinterburn2h@dailymail.co.uk,Project Manager,Apt 1351,(647) 7301485
91,6,Welch Wishart,wwishart2i@harvard.edu,Supervisor,Suite 61,(152) 9620697
92,17,Rhianon Hendrickx,rhendrickx2j@lycos.com,Subcontractor,15th Floor,(915) 1485631
93,14,Regine Dable,rdable2k@bravesites.com,Construction Foreman,PO Box 97005,(299) 9444737
94,8,Holt Buncher,hbuncher2l@privacy.gov.au,Subcontractor,8th Floor,(938) 3179283
95,13,Jackie Lifsey,jlifsey2m@cdc.gov,Supervisor,PO Box 97843,(428) 9561212
96,15,Regine Gianasi,rgianasi2n@imgur.com,Surveyor,9th Floor,(781) 2147727
97,10,Ernie Wilkerson,ewilkerson2o@naver.com,Supervisor,Suite 62,(605) 6406158
98,5,Ronny Delagua,rdelagua2p@google.co.uk,Architect,Suite 11,(119) 9139407
99,3,Gerard Plaister,gplaister2q@symantec.com,Construction Manager,Room 1646,(634) 3167791
100,9,Xaviera Service,xservice2r@acquirethisname.com,Engineer,Apt 1698,(464) 2031781
101,18,Moe Jakoubek,mjakoubek2s@last.fm,Construction Expeditor,PO Box 75862,(365) 8063797
102,9,Hyacinth Koeppe,hkoeppe2t@friendfeed.com,Supervisor,7th Floor,(882) 1567169
103,6,Valli Outram,voutram2u@t-online.de,Construction Worker,Room 52,(966) 7863237
104,13,Fianna MacMakin,fmacmakin2v@cnn.com,Project Manager,Apt 1227,(440) 1308894
105,16,Debra Yakubowicz,dyakubowicz2w@tinyurl.com,Subcontractor,Suite 46,(512) 3566911
106,3,Kalila Kollas,kkollas2x@washingtonpost.com,Architect,Apt 503,(659) 1386287
107,17,Vic Petrov,vpetrov2y@lulu.com,Supervisor,PO Box 19147,(615) 2401683
108,8,Bordie Chippendale,bchippendale2z@economist.com,Project Manager,PO Box 17984,(619) 5589354
109,15,Judye Issacov,jissacov30@hostgator.com,Electrician,PO Box 22553,(636) 7601082
110,14,Siobhan Tunstall,stunstall31@last.fm,Electrician,Apt 597,(397) 7513803
111,5,Abbe Loffhead,aloffhead32@timesonline.co.uk,Electrician,14th Floor,(638) 3378310
112,4,Alexandr McKeurton,amckeurton33@tripadvisor.com,Estimator,19th Floor,(826) 7098646
113,19,Skipp Covendon,scovendon34@accuweather.com,Estimator,PO Box 69159,(584) 3027109
114,1,Alanson Brown,abrown35@flickr.com,Surveyor,Room 334,(425) 4693499
115,12,Ardyth Lerego,alerego36@va.gov,Engineer,5th Floor,(318) 4389168
116,10,Gunilla Egglestone,gegglestone37@delicious.com,Construction Foreman,Room 276,(991) 6738262
117,7,Karlis Cuttin,kcuttin38@photobucket.com,Architect,PO Box 87340,(874) 5612737
118,20,Janette Draysay,jdraysay39@ameblo.jp,Surveyor,Room 232,(141) 8525577
119,2,Mordecai Stronge,mstronge3a@ameblo.jp,Construction Foreman,16th Floor,(519) 9830702
120,11,Minnaminnie Marousek,mmarousek3b@oaic.gov.au,Estimator,Apt 622,(773) 8423442
121,6,Dorothee O'Lehane,dolehane3c@cargocollective.com,Engineer,PO Box 93956,(534) 3026129
122,11,Ilyssa Kubalek,ikubalek3d@dropbox.com,Engineer,Apt 8,(370) 7067195
123,5,Donal Wheelton,dwheelton3e@comcast.net,Estimator,PO Box 44963,(495) 6511968
124,12,Sarge Harmar,sharmar3f@craigslist.org,Electrician,Apt 814,(951) 6308168
125,17,Karine McPhater,kmcphater3g@ifeng.com,Subcontractor,Suite 52,(422) 7803332
126,3,Hurlee Boughen,hboughen3h@ox.ac.uk,Construction Expeditor,Room 1180,(389) 2863472
127,9,Fayette Rigney,frigney3i@rediff.com,Project Manager,Suite 18,(859) 7774406
128,16,Zita Vickars,zvickars3j@geocities.com,Electrician,Suite 78,(282) 3829902
129,20,Gabie Crannell,gcrannell3k@ning.com,Construction Manager,Suite 38,(844) 7989435
130,15,Colette Di Filippo,cdi3l@upenn.edu,Architect,3rd Floor,(189) 4160275
131,2,Grier Woolcocks,gwoolcocks3m@miitbeian.gov.cn,Supervisor,PO Box 21773,(600) 6057888
132,1,Stevana Holdworth,sholdworth3n@redcross.org,Surveyor,Room 1173,(582) 1424357
133,10,Linda Haney`,lhaney3o@dagondesign.com,Estimator,Room 1999,(797) 3206821
134,19,Kriste McWilliams,kmcwilliams3p@opera.com,Construction Foreman,Apt 1639,(100) 5270140
135,7,Biddie Drei,bdrei3q@toplist.cz,Surveyor,Apt 603,(940) 3811190
136,18,Yolane Krale,ykrale3r@go.com,Engineer,15th Floor,(272) 4397019
137,13,Ransell Atkin,ratkin3s@ebay.com,Engineer,PO Box 21987,(183) 7653901
138,14,Ardine Swinnard,aswinnard3t@uol.com.br,Construction Manager,12th Floor,(387) 2780018
139,8,Lib Hurling,lhurling3u@blogger.com,Project Manager,4th Floor,(812) 5119754
140,4,Amye Forster,aforster3v@issuu.com,Construction Manager,Suite 85,(289) 1114287
141,20,Carlota Bernardeau,cbernardeau3w@marriott.com,Construction Manager,Suite 5,(631) 2483068
142,5,Arvie Munnery,amunnery3x@dell.com,Supervisor,4th Floor,(831) 4156149
143,8,Laverne Godlonton,lgodlonton3y@oakley.com,Engineer,19th Floor,(974) 8076153
144,17,Bret Hubball,bhubball3z@blogs.com,Surveyor,Suite 41,(890) 4265915
145,4,Austin MacDowal,amacdowal40@is.gd,Subcontractor,Room 1680,(860) 1792807
146,7,Ephraim Crosfield,ecrosfield41@hc360.com,Construction Expeditor,Suite 82,(556) 4294483
147,6,Stephana Malicki,smalicki42@wiley.com,Construction Expeditor,Room 1402,(774) 6957771
148,2,Myrvyn Livingston,mlivingston43@hibu.com,Electrician,Suite 30,(965) 4068807
149,15,Adaline Scoggan,ascoggan44@nbcnews.com,Architect,Room 733,(527) 2592460
150,14,Ara Snaith,asnaith45@wordpress.org,Construction Manager,Suite 28,(476) 1900768
151,18,Thedrick Matherson,tmatherson46@stumbleupon.com,Estimator,Apt 1417,(254) 4933963
152,8,Bernardine Cunningham,bcunningham47@dyndns.org,Subcontractor,15th Floor,(888) 1450708
153,9,Iorgos Eardley,ieardley48@mozilla.com,Subcontractor,Apt 81,(257) 6457298
154,19,Knox Pesselt,kpesselt49@cam.ac.uk,Surveyor,10th Floor,(665) 7377645
155,10,Jordanna Josifovic,jjosifovic4a@icio.us,Construction Manager,Apt 22,(511) 3630426
156,4,Iosep Cogzell,icogzell4b@bizjournals.com,Subcontractor,Suite 85,(289) 4673876
157,2,Gabrila Ackenhead,gackenhead4c@yolasite.com,Estimator,7th Floor,(909) 1414211
158,17,Rosalinda Geraudel,rgeraudel4d@walmart.com,Estimator,Room 363,(624) 7513623
159,3,Chastity Scroyton,cscroyton4e@marriott.com,Supervisor,Apt 78,(676) 4436800
160,11,Tedmund Connick,tconnick4f@macromedia.com,Construction Foreman,Suite 37,(456) 9376525
161,12,Delainey Pettyfer,dpettyfer4g@weibo.com,Construction Manager,14th Floor,(550) 7135243
162,15,Carver Quin,cquin4h@elegantthemes.com,Subcontractor,8th Floor,(396) 4543136
163,1,Eugine Burdett,eburdett4i@wikipedia.org,Subcontractor,PO Box 73027,(901) 5293596
164,14,Pierette Joskowitz,pjoskowitz4j@usatoday.com,Engineer,6th Floor,(667) 2731336
165,7,Tillie Aimson,taimson4k@networksolutions.com,Construction Expeditor,Apt 473,(630) 3157846
166,20,Lexis Handes,lhandes4l@hhs.gov,Subcontractor,8th Floor,(872) 5594584
167,5,Agneta Djurevic,adjurevic4m@infoseek.co.jp,Construction Foreman,PO Box 63469,(465) 7634966
168,13,Teodor Lark,tlark4n@acquirethisname.com,Supervisor,16th Floor,(206) 4607465
169,6,Alexandro McGillivrie,amcgillivrie4o@gov.uk,Estimator,17th Floor,(496) 2000877
170,16,Ulrick Tonkinson,utonkinson4p@lycos.com,Construction Worker,Suite 93,(539) 6976807
171,1,Winfield Wedge,wwedge4q@hp.com,Construction Foreman,Apt 624,(118) 4317350
172,16,Karel Hiers,khiers4r@networkadvertising.org,Surveyor,9th Floor,(242) 7970926
173,13,Ed Roof,eroof4s@cbc.ca,Electrician,Room 846,(947) 2927060
174,6,Gustavo Caunt,gcaunt4t@last.fm,Supervisor,Apt 175,(561) 1996771
175,19,Rakel Rosie,rrosie4u@ovh.net,Estimator,10th Floor,(197) 6626122
176,2,Frederique de Villier,fde4v@trellian.com,Estimator,Suite 41,(518) 1032597
177,20,Chrissie Fealey,cfealey4w@google.fr,Surveyor,Suite 19,(874) 5774539
178,11,Ilysa Barbour,ibarbour4x@google.com.au,Electrician,15th Floor,(954) 2421677
179,8,Denney Pavek,dpavek4y@vinaora.com,Architect,Suite 12,(337) 3372899
180,10,Gretal Stenning,gstenning4z@umich.edu,Engineer,Room 1481,(205) 3852651
181,17,Audrye Brosh,abrosh50@google.cn,Engineer,Apt 1888,(289) 7691671
182,7,Perle Foxon,pfoxon51@phoca.cz,Construction Manager,Room 998,(902) 3342011
183,4,Shelby Dawidowitz,sdawidowitz52@prnewswire.com,Construction Manager,PO Box 31123,(776) 7305874
184,12,Arleta Ridpath,aridpath53@google.de,Surveyor,Apt 1154,(772) 8923260
185,18,Adan Hagergham,ahagergham54@feedburner.com,Surveyor,Room 1682,(395) 8819061
186,3,Sherri Shimwell,sshimwell55@cdbaby.com,Construction Foreman,Apt 1217,(708) 7110547
187,14,Konstantine Aloigi,kaloigi56@army.mil,Construction Expeditor,Apt 225,(220) 3379459
188,9,Bartholemy Bamber,bbamber57@hud.gov,Surveyor,Suite 12,(566) 4690886
189,5,Harmony Vinter,hvinter58@weebly.com,Construction Worker,4th Floor,(124) 1104852
190,15,Annette Hodgin,ahodgin59@nasa.gov,Electrician,Apt 1088,(281) 1622149
191,17,Camala Brummell,cbrummell5a@google.fr,Project Manager,6th Floor,(613) 1544309
192,8,Boyce Acreman,bacreman5b@japanpost.jp,Construction Expeditor,Room 625,(817) 9219944
193,19,Antonius Brotherick,abrotherick5c@cargocollective.com,Construction Foreman,PO Box 28314,(668) 5579637
194,14,Audy Brunel,abrunel5d@cdc.gov,Construction Expeditor,Room 160,(996) 9183121
195,9,Saxon Durrand,sdurrand5e@virginia.edu,Architect,Apt 157,(975) 1566899
196,16,Hinze McHardy,hmchardy5f@ifeng.com,Supervisor,Apt 1505,(138) 1091117
197,5,Kristoforo Maneylaws,kmaneylaws5g@wiley.com,Project Manager,Suite 44,(481) 2450137
198,2,Lexine De Courtney,lde5h@stanford.edu,Estimator,14th Floor,(572) 5232449
199,4,Boycey Blase,bblase5i@technorati.com,Project Manager,PO Box 90512,(129) 1700612
200,11,Saunder Merrydew,smerrydew5j@usnews.com,Construction Foreman,10th Floor,(940) 5602619
201,2,Tammara Craggs,tcraggs5k@disqus.com,Engineer,Suite 91,(383) 1747606
202,17,Bernetta Stenner,bstenner5l@comsenz.com,Project Manager,Apt 1339,(782) 9039520
203,13,Dame Ponting,dponting5m@cpanel.net,Surveyor,Apt 729,(601) 2186318
204,11,Nadya Sneezum,nsneezum5n@ow.ly,Surveyor,Suite 97,(237) 3092808
205,4,Felix Fallens,ffallens5o@whitehouse.gov,Supervisor,7th Floor,(300) 9045524
206,12,Winnifred Brezlaw,wbrezlaw5p@hud.gov,Construction Expeditor,Suite 61,(683) 9394302
207,20,Binky Stackbridge,bstackbridge5q@time.com,Estimator,18th Floor,(927) 2373133
208,1,Vito Manuele,vmanuele5r@barnesandnoble.com,Supervisor,PO Box 7845,(430) 2145518
209,15,Andree Hubbard,ahubbard5s@geocities.jp,Supervisor,19th Floor,(765) 4373842
210,14,Darbie Zannutti,dzannutti5t@wikispaces.com,Project Manager,Suite 73,(102) 1743282
211,3,Allie Pughsley,apughsley5u@google.com,Supervisor,Suite 54,(140) 3515979
212,9,Larissa Simes,lsimes5v@archive.org,Construction Foreman,Apt 1624,(971) 4844075
213,10,Marj Schwandermann,mschwandermann5w@eepurl.com,Surveyor,PO Box 62195,(731) 4219278
214,18,Moyra Callway,mcallway5x@bravesites.com,Subcontractor,Room 456,(447) 9562632
215,8,Gretal Paybody,gpaybody5y@cisco.com,Surveyor,Room 1564,(628) 1247381
216,7,Theodoric Lube,tlube5z@goo.gl,Project Manager,Room 1473,(185) 3107397
217,19,Luelle Haster,lhaster60@telegraph.co.uk,Engineer,9th Floor,(870) 4775418
218,16,Branden Seacroft,bseacroft61@unblog.fr,Architect,4th Floor,(633) 1094555
219,5,Prue Deval,pdeval62@odnoklassniki.ru,Subcontractor,20th Floor,(709) 6349663
220,6,Corie Spragge,cspragge63@bing.com,Construction Expeditor,Room 558,(978) 2832431
221,7,Dodie Evenett,devenett64@ocn.ne.jp,Supervisor,Suite 17,(133) 7974348
222,12,Wendell Bayfield,wbayfield65@ebay.com,Construction Foreman,15th Floor,(110) 1951123
223,10,Ange Catenot,acatenot66@topsy.com,Engineer,PO Box 19800,(493) 1340643
224,14,Cristen Fyrth,cfyrth67@youtu.be,Engineer,Apt 640,(490) 6961418
225,1,Donnell Allderidge,dallderidge68@dedecms.com,Surveyor,1st Floor,(161) 6495255
226,4,Lesli Gibson,lgibson69@hatena.ne.jp,Construction Worker,Apt 1974,(741) 9706713
227,19,Adair Scapelhorn,ascapelhorn6a@foxnews.com,Construction Expeditor,Suite 83,(920) 4389320
228,5,Korie McNelly,kmcnelly6b@ning.com,Construction Manager,Suite 36,(978) 2456524
229,15,Chelsie Kleeman,ckleeman6c@mapquest.com,Architect,Apt 1072,(721) 5923600
230,17,Sukey Slewcock,sslewcock6d@simplemachines.org,Supervisor,18th Floor,(117) 8107141
231,16,Wolfy Slatford,wslatford6e@qq.com,Surveyor,Suite 15,(566) 6357856
232,3,Mirabella Menci,mmenci6f@fotki.com,Construction Foreman,Suite 50,(217) 4605519
233,8,Marlee Tomkowicz,mtomkowicz6g@thetimes.co.uk,Construction Worker,Room 1115,(453) 3438958
234,20,Keen Batie,kbatie6h@cdbaby.com,Engineer,5th Floor,(898) 8929740
235,13,Elke Condon,econdon6i@indiatimes.com,Construction Manager,PO Box 37217,(865) 5002590
236,9,Kristan Cornely,kcornely6j@about.com,Architect,Room 1279,(113) 8713139
237,11,Jordain Hayhurst,jhayhurst6k@tinypic.com,Electrician,Suite 95,(599) 8115743
238,2,Zsazsa Tommis,ztommis6l@homestead.com,Supervisor,Room 296,(453) 8371089
239,18,Lurleen Jacke,ljacke6m@ibm.com,Supervisor,Apt 1901,(522) 6983362
240,6,Elbertine Sibylla,esibylla6n@i2i.jp,Project Manager,Room 988,(296) 7792364
241,1,Trueman Seamer,tseamer6o@hp.com,Architect,4th Floor,(867) 9465576
242,7,Oneida Bapty,obapty6p@a8.net,Surveyor,Apt 1612,(964) 1251053
243,11,Wildon Scipsey,wscipsey6q@wix.com,Construction Expeditor,7th Floor,(957) 4085104
244,4,Cross Heditch,cheditch6r@moonfruit.com,Construction Foreman,PO Box 3879,(303) 2706432
245,13,Constantine Jarnell,cjarnell6s@ezinearticles.com,Engineer,Room 1884,(718) 3350381
246,10,Radcliffe McConway,rmcconway6t@mail.ru,Supervisor,Room 885,(794) 9833917
247,6,Ashlee Phipp,aphipp6u@shutterfly.com,Construction Expeditor,Room 1484,(974) 6448713
248,20,Andre Doody,adoody6v@altervista.org,Project Manager,15th Floor,(827) 5331972
249,19,Gnni Heake,gheake6w@com.com,Project Manager,Room 1165,(664) 6424175
250,3,Rosmunda Gather,rgather6x@fotki.com,Construction Worker,Apt 1232,(603) 1952765
251,13,Thebault Bartholomew,tbartholomew6y@ovh.net,Construction Expeditor,Suite 100,(703) 9242760
252,2,Denyse Dikels,ddikels6z@vinaora.com,Surveyor,PO Box 24613,(929) 8401490
253,5,Alastair McInerney,amcinerney70@engadget.com,Construction Expeditor,18th Floor,(858) 3525787
254,17,Lexie Vertigan,lvertigan71@weibo.com,Architect,PO Box 63415,(566) 1940173
255,15,Bambi Winyard,bwinyard72@newsvine.com,Supervisor,Room 342,(659) 4345864
256,12,Maggi Quail,mquail73@about.com,Construction Foreman,12th Floor,(521) 3430267
257,10,Joelynn Baudone,jbaudone74@statcounter.com,Architect,Room 941,(566) 6586019
258,8,Felecia Fetherston,ffetherston75@latimes.com,Subcontractor,PO Box 92965,(318) 4604664
259,11,Joby Tumulty,jtumulty76@eventbrite.com,Construction Manager,Suite 34,(410) 8149686
260,4,Irina Chmiel,ichmiel77@indiegogo.com,Engineer,3rd Floor,(591) 3230157
261,6,Amelina Creber,acreber78@dailymotion.com,Subcontractor,Suite 56,(346) 9789581
262,16,Ximenez Mariet,xmariet79@mac.com,Engineer,Suite 58,(517) 9038396
263,1,Willie Illwell,willwell7a@moonfruit.com,Construction Manager,5th Floor,(647) 1627539
264,9,Garrik Harlow,gharlow7b@prweb.com,Construction Manager,PO Box 80766,(513) 5307586
265,18,Brandais Gudeman,bgudeman7c@noaa.gov,Estimator,Apt 1830,(984) 1374149
266,20,Zorah Doogood,zdoogood7d@fotki.com,Surveyor,PO Box 18851,(356) 1049913
267,19,Janine Loseby,jloseby7e@ebay.com,Engineer,Room 267,(593) 7737714
268,14,Corene Lampitt,clampitt7f@arstechnica.com,Construction Foreman,8th Floor,(980) 7056597
269,7,Vannie Jagson,vjagson7g@irs.gov,Engineer,Apt 698,(796) 5418452
270,3,Sofia Lowensohn,slowensohn7h@ameblo.jp,Construction Manager,PO Box 78366,(443) 8895665
271,13,Colette Behr,cbehr7i@cyberchimps.com,Electrician,13th Floor,(914) 5311362
272,10,Vasilis Watkinson,vwatkinson7j@globo.com,Construction Foreman,Suite 57,(362) 4388626
273,5,Marni Domel,mdomel7k@cyberchimps.com,Construction Manager,Room 1823,(704) 1790138
274,2,Aundrea Bautiste,abautiste7l@thetimes.co.uk,Architect,Apt 1670,(390) 7376912
275,4,Lauryn Olivetti,lolivetti7m@china.com.cn,Estimator,Apt 384,(323) 5737906
276,17,Blake Beharrell,bbeharrell7n@cdbaby.com,Engineer,3rd Floor,(891) 1851116
277,3,Collete Peete,cpeete7o@wikimedia.org,Construction Foreman,Suite 4,(778) 3648905
278,18,Bliss Ladbrook,bladbrook7p@msu.edu,Construction Worker,3rd Floor,(950) 3613121
279,14,Dinny Row,drow7q@google.com,Architect,Apt 1322,(229) 8903665
280,19,Normy Stopforth,nstopforth7r@artisteer.com,Supervisor,PO Box 86772,(143) 5251220
281,7,Bartholomew Chrestien,bchrestien7s@topsy.com,Electrician,Apt 1199,(511) 6387464
282,16,Moshe Vasilyevski,mvasilyevski7t@edublogs.org,Construction Worker,10th Floor,(724) 5162921
283,11,Winni Dranfield,wdranfield7u@wordpress.org,Project Manager,Room 238,(307) 9465866
284,9,Rochella Brockwell,rbrockwell7v@bbb.org,Electrician,Suite 22,(823) 1691721
285,20,Egor Eilles,eeilles7w@senate.gov,Engineer,Apt 1334,(509) 1597328
286,1,Karlotta Beckwith,kbeckwith7x@cam.ac.uk,Subcontractor,Apt 397,(968) 4129054
287,6,Timmy Cornuau,tcornuau7y@tripadvisor.com,Project Manager,Apt 440,(764) 6208738
288,12,Pattie Batch,pbatch7z@moonfruit.com,Subcontractor,Room 1434,(321) 6406013
289,15,Livia Stucksbury,lstucksbury80@salon.com,Construction Manager,Apt 666,(191) 7884950
290,8,Alfons Plimmer,aplimmer81@cbslocal.com,Surveyor,10th Floor,(896) 9618520
291,15,Viva Gecke,vgecke82@nih.gov,Construction Worker,Suite 38,(282) 3140368
292,8,Tucky McRory,tmcrory83@google.com.hk,Construction Manager,PO Box 18795,(677) 5670282
293,1,Robinett Assaf,rassaf84@bizjournals.com,Subcontractor,4th Floor,(753) 9604895
294,4,Siana Leadbeater,sleadbeater85@census.gov,Supervisor,Apt 1277,(788) 9132684
295,3,Nevile Davydkov,ndavydkov86@mac.com,Electrician,Apt 122,(502) 5723474
296,5,Elden Holcroft,eholcroft87@uiuc.edu,Surveyor,Apt 913,(475) 1290042
297,19,Merola Darnbrook,mdarnbrook88@webmd.com,Estimator,Room 1979,(107) 1812425
298,11,Donnamarie Vivers,dvivers89@samsung.com,Construction Worker,Room 1959,(506) 1045938
299,16,Leupold Redler,lredler8a@mit.edu,Engineer,Room 161,(823) 1910403
300,6,Phylys Pipe,ppipe8b@pbs.org,Construction Worker,Apt 939,(102) 5040163
301,3,Jone Curr,jcurr8c@etsy.com,Subcontractor,Suite 45,(677) 4609050
302,19,Gayel Heimes,gheimes8d@icio.us,Architect,PO Box 25979,(419) 1858650
303,11,Joleen Kilgallen,jkilgallen8e@amazonaws.com,Construction Expeditor,PO Box 84170,(156) 1771315
304,2,Olimpia McCloud,omccloud8f@hostgator.com,Electrician,PO Box 63871,(285) 2695486
305,1,Carlin Silver,csilver8g@is.gd,Architect,Apt 1515,(928) 2209271
306,10,Justinn Dixie,jdixie8h@e-recht24.de,Construction Manager,PO Box 21302,(617) 3557815
307,15,Galen Alflat,galflat8i@boston.com,Engineer,Suite 85,(382) 3314726
308,12,Nonie Dabling,ndabling8j@scientificamerican.com,Construction Manager,9th Floor,(338) 6076946
309,20,Bertie Strainge,bstrainge8k@trellian.com,Supervisor,Apt 1623,(712) 7717540
310,8,Francis Ferran,fferran8l@deviantart.com,Construction Manager,Apt 1288,(669) 7674441
311,9,Duff MacPaden,dmacpaden8m@lulu.com,Architect,Suite 39,(381) 1661510
312,18,Drake Crommett,dcrommett8n@google.es,Supervisor,Apt 968,(880) 7042379
313,14,Carolus Roulston,croulston8o@wisc.edu,Project Manager,Room 854,(234) 9595595
314,6,Zebulen Crissil,zcrissil8p@businessinsider.com,Construction Worker,Suite 26,(999) 3701902
315,17,Thorndike Simmon,tsimmon8q@amazonaws.com,Engineer,Suite 30,(850) 5343109
316,5,Roxana Emerine,remerine8r@imgur.com,Construction Foreman,10th Floor,(878) 6605130
317,16,Fidelity Southouse,fsouthouse8s@technorati.com,Engineer,Suite 13,(881) 3976675
318,7,Corri Rosbottom,crosbottom8t@cbc.ca,Subcontractor,Apt 1493,(810) 2385351
319,13,Vi Georg,vgeorg8u@marketwatch.com,Construction Worker,16th Floor,(557) 1055608
320,4,Tersina Scholey,tscholey8v@live.com,Construction Expeditor,Apt 689,(195) 7076816
321,13,Deeyn Frondt,dfrondt8w@artisteer.com,Engineer,Room 1543,(292) 3860405
322,12,Odo Edmans,oedmans8x@lulu.com,Estimator,Apt 600,(434) 6788809
323,8,Gussy Cousens,gcousens8y@mtv.com,Construction Expeditor,PO Box 22387,(926) 9278854
324,17,Elsy Dubose,edubose8z@utexas.edu,Construction Expeditor,PO Box 60485,(262) 1081305
325,3,Elli Dandie,edandie90@nytimes.com,Construction Foreman,PO Box 14035,(985) 4997884
326,7,Derick Winston,dwinston91@ebay.co.uk,Surveyor,19th Floor,(613) 4149862
327,9,Kip Gouthier,kgouthier92@sun.com,Subcontractor,5th Floor,(157) 3708122
328,5,Egon McDermott,emcdermott93@accuweather.com,Supervisor,Room 1734,(982) 1111689
329,19,Caryl Mogford,cmogford94@posterous.com,Construction Worker,Apt 1189,(274) 7837979
330,14,Mia Gammade,mgammade95@europa.eu,Supervisor,Apt 1526,(629) 2109464
331,2,Dulcea Addie,daddie96@amazon.com,Architect,Room 1450,(530) 1306857
332,16,Cyrillus Brabban,cbrabban97@discovery.com,Architect,PO Box 75091,(899) 2958553
333,10,Kelsi Fealey,kfealey98@ycombinator.com,Subcontractor,Room 1,(262) 4312563
334,4,Hakeem Dobkin,hdobkin99@newyorker.com,Electrician,15th Floor,(552) 6887920
335,1,Hillie Hatcliffe,hhatcliffe9a@deviantart.com,Architect,Room 1848,(843) 7745742
336,11,Ced Kirkbright,ckirkbright9b@angelfire.com,Subcontractor,Room 1057,(959) 5383476
337,15,Tildi Prodrick,tprodrick9c@latimes.com,Project Manager,14th Floor,(168) 6233490
338,20,Johnathan Haith,jhaith9d@columbia.edu,Supervisor,12th Floor,(885) 9681105
339,6,Cami Dorn,cdorn9e@flickr.com,Surveyor,Room 1082,(850) 7880031
340,18,Rania Crouch,rcrouch9f@china.com.cn,Electrician,13th Floor,(240) 5784844
341,13,Cathe Bonn,cbonn9g@webs.com,Engineer,15th Floor,(138) 3307192
342,9,Drucie Brimelow,dbrimelow9h@arstechnica.com,Supervisor,Apt 1704,(710) 8386926
343,6,Essy Gregr,egregr9i@forbes.com,Surveyor,PO Box 26911,(251) 2354333
344,17,Gusella Clee,gclee9j@spiegel.de,Engineer,PO Box 19692,(326) 8486486
345,1,Liz Kneafsey,lkneafsey9k@abc.net.au,Electrician,PO Box 90351,(839) 2607716
346,10,Roldan Josowitz,rjosowitz9l@hubpages.com,Construction Manager,Suite 98,(343) 4235687
347,2,Betta Kirstein,bkirstein9m@hao123.com,Project Manager,PO Box 74858,(714) 5786907
348,19,Jammal Quenell,jquenell9n@xrea.com,Construction Manager,PO Box 25968,(963) 9457189
349,12,Alexina Minero,aminero9o@comsenz.com,Subcontractor,Suite 96,(975) 7600369
350,11,Camellia McCarrell,cmccarrell9p@webnode.com,Electrician,Suite 11,(724) 8700190
351,3,Dallis Thorwarth,dthorwarth9q@europa.eu,Construction Expeditor,Room 156,(171) 1321044
352,6,Lindon Derrett,lderrett9r@engadget.com,Construction Worker,Apt 963,(681) 5193482
353,15,Doro Deere,ddeere9s@hao123.com,Subcontractor,Room 1015,(894) 3467154
354,14,Clare Oran,coran9t@arizona.edu,Project Manager,6th Floor,(345) 5560189
355,7,Zacharie Maybury,zmaybury9u@whitehouse.gov,Architect,Apt 220,(299) 8955103
356,19,Land Struss,lstruss9v@columbia.edu,Subcontractor,Room 1886,(415) 9018406
357,17,Matthiew Cartman,mcartman9w@mediafire.com,Engineer,Room 1845,(519) 3125469
358,2,Elke Derisly,ederisly9x@tmall.com,Construction Worker,Apt 249,(671) 1326822
359,13,Vidovik Stirrup,vstirrup9y@telegraph.co.uk,Electrician,PO Box 23039,(786) 9023283
360,1,Malissia Curd,mcurd9z@about.com,Construction Manager,Suite 85,(270) 8360111
361,18,Kevon Leeder,kleedera0@jimdo.com,Architect,Room 1814,(394) 8336176
362,8,Zeb Dowty,zdowtya1@fema.gov,Engineer,PO Box 15638,(594) 5496362
363,5,Niki Needs,nneedsa2@berkeley.edu,Electrician,Room 437,(882) 6084140
364,16,Rebekah Swadlinge,rswadlingea3@google.fr,Architect,Room 1008,(518) 4075590
365,9,Calla Crispin,ccrispina4@macromedia.com,Construction Manager,PO Box 18222,(196) 5719988
366,12,Maurie Clericoates,mclericoatesa5@cocolog-nifty.com,Supervisor,Room 1210,(903) 7243523
367,11,Asher Mattingly,amattinglya6@infoseek.co.jp,Estimator,Apt 696,(196) 3715922
368,4,Shauna Ledner,slednera7@ehow.com,Supervisor,Room 1342,(505) 8657024
369,10,Berkly Whittam,bwhittama8@smugmug.com,Electrician,PO Box 56674,(120) 1320960
370,20,Avis Blundin,ablundina9@comsenz.com,Project Manager,PO Box 47549,(424) 3375899
371,16,Agustin Pleavin,apleavinaa@google.de,Supervisor,Suite 53,(175) 6625497
372,9,Elyn Elfe,eelfeab@wix.com,Architect,Apt 1249,(813) 9395684
373,7,Major Eckersley,meckersleyac@wisc.edu,Construction Expeditor,Room 695,(379) 7912290
374,13,Kaela Zamudio,kzamudioad@creativecommons.org,Project Manager,Apt 330,(556) 9330851
375,4,Rollins Chastand,rchastandae@multiply.com,Construction Manager,PO Box 66229,(587) 5637665
376,15,Beck Renols,brenolsaf@wikipedia.org,Engineer,12th Floor,(331) 4514148
377,11,Rosco Phizacklea,rphizackleaag@bloglines.com,Project Manager,9th Floor,(268) 7143281
378,6,Riki Beine,rbeineah@cnet.com,Subcontractor,10th Floor,(712) 6654309
379,5,Josefa Duerdin,jduerdinai@wiley.com,Construction Expeditor,PO Box 83464,(820) 2325734
380,10,Donnie Lornsen,dlornsenaj@typepad.com,Surveyor,Apt 1671,(709) 6548172
381,8,Jasun Lownds,jlowndsak@reverbnation.com,Construction Manager,Suite 44,(521) 7638323
382,1,Benny Bruckental,bbruckentalal@storify.com,Construction Expeditor,PO Box 77643,(476) 7842873
383,18,Billie Stabler,bstableram@canalblog.com,Construction Foreman,PO Box 70452,(304) 5615483
384,19,Sigismund Rotherforth,srotherforthan@tamu.edu,Subcontractor,19th Floor,(419) 3960816
385,2,Marisa Fielding,mfieldingao@mozilla.com,Construction Worker,Apt 1305,(479) 1034914
386,14,Gian Mold,gmoldap@msn.com,Construction Foreman,12th Floor,(510) 8846334
387,3,Obediah Tommasuzzi,otommasuzziaq@facebook.com,Construction Worker,Apt 1675,(980) 1345428
388,20,Joaquin Macklam,jmacklamar@harvard.edu,Surveyor,Suite 6,(301) 1633602
389,12,Hyman Pacitti,hpacittias@topsy.com,Electrician,Room 1572,(694) 2844997
390,17,Livia Bleas,lbleasat@imageshack.us,Subcontractor,4th Floor,(543) 3657380
391,15,Paxton De Rye Barrett,pdeau@ft.com,Surveyor,Room 1633,(143) 2625462
392,17,Tedman Painswick,tpainswickav@mozilla.org,Estimator,Apt 1259,(903) 5532008
393,5,Juliana Gligorijevic,jgligorijevicaw@ibm.com,Supervisor,Apt 761,(341) 3061053
394,10,Abramo Bumpus,abumpusax@ustream.tv,Construction Expeditor,Apt 449,(492) 2037352
395,18,Jacqueline Fortye,jfortyeay@imdb.com,Engineer,Suite 79,(502) 1296419
396,13,Juditha Butt Gow,jbuttaz@nsw.gov.au,Architect,Apt 1321,(815) 4789936
397,4,Myrta Kaygill,mkaygillb0@freewebs.com,Electrician,Suite 48,(655) 2693759
398,14,Farley Wentworth,fwentworthb1@europa.eu,Construction Worker,5th Floor,(480) 3381004
399,3,Rosabella Roussell,rroussellb2@nationalgeographic.com,Construction Worker,Apt 1007,(697) 3711348
400,6,Madelene Titcomb,mtitcombb3@goo.ne.jp,Electrician,Apt 1922,(313) 1167713
401,3,Constance Tomini,ctominib4@google.com,Electrician,Room 351,(682) 8187342
402,2,Sheena Rimour,srimourb5@canalblog.com,Surveyor,PO Box 83083,(548) 3008624
403,1,Ofelia Zold,ozoldb6@youtu.be,Subcontractor,Apt 1652,(740) 4614246
404,20,Marianna Grissett,mgrissettb7@theglobeandmail.com,Project Manager,PO Box 28784,(261) 7148019
405,9,Jillane Doumerc,jdoumercb8@marriott.com,Construction Manager,20th Floor,(918) 5001953
406,11,Rossie Uden,rudenb9@xrea.com,Electrician,Suite 91,(456) 3193002
407,4,Merell Woollin,mwoollinba@twitpic.com,Subcontractor,PO Box 18999,(159) 2814942
408,8,Deena Lindemann,dlindemannbb@creativecommons.org,Supervisor,Room 1285,(234) 1393098
409,19,Franchot Benardet,fbenardetbc@cyberchimps.com,Estimator,PO Box 2137,(207) 1255156
410,10,Brigit Helversen,bhelversenbd@cargocollective.com,Construction Expeditor,Apt 828,(766) 2234801
411,16,Eugenie O'Growgane,eogrowganebe@smh.com.au,Surveyor,Apt 544,(342) 3078391
412,15,Wanda Cabell,wcabellbf@123-reg.co.uk,Construction Manager,Apt 652,(498) 9436420
413,17,Ignacius Wones,iwonesbg@tmall.com,Subcontractor,Room 1138,(283) 2464835
414,14,Carmelina Heintz,cheintzbh@prweb.com,Engineer,5th Floor,(208) 8072395
415,7,Charmaine Theurer,ctheurerbi@tiny.cc,Architect,Suite 9,(926) 3806438
416,6,Missie Roggeman,mroggemanbj@eepurl.com,Estimator,Room 524,(852) 9491997
417,13,Mariam Sherar,msherarbk@webs.com,Construction Foreman,Room 882,(628) 2856931
418,12,Sascha Macellar,smacellarbl@histats.com,Project Manager,Room 1363,(931) 4108221
419,5,Arleen Milligan,amilliganbm@mozilla.org,Construction Worker,Apt 192,(417) 8212954
420,18,Kendal Marin,kmarinbn@newyorker.com,Surveyor,Suite 65,(152) 5697929
421,14,Puff Newman,pnewmanbo@gov.uk,Engineer,4th Floor,(387) 2263647
422,10,Aimil Bartzen,abartzenbp@utexas.edu,Surveyor,Suite 7,(979) 7799066
423,17,Lorne Coram,lcorambq@dot.gov,Construction Manager,PO Box 59417,(829) 8777287
424,16,Packston Rook,prookbr@biglobe.ne.jp,Construction Expeditor,Suite 77,(520) 3679133
425,9,Vernice Rosander,vrosanderbs@uiuc.edu,Construction Expeditor,Suite 97,(101) 2454065
426,15,Ailee Sleith,asleithbt@java.com,Project Manager,PO Box 55678,(945) 6749295
427,18,Gerladina Shankland,gshanklandbu@nature.com,Subcontractor,Apt 587,(714) 7265016
428,5,Paulie Cavalier,pcavalierbv@addthis.com,Construction Worker,Room 968,(158) 7068963
429,8,Rosalyn Skitt,rskittbw@omniture.com,Construction Foreman,Room 20,(651) 9047533
430,7,Nikki Baumford,nbaumfordbx@wsj.com,Electrician,Suite 25,(326) 2142314
431,4,Daryn Deabill,ddeabillby@jimdo.com,Construction Expeditor,Room 79,(921) 2762514
432,6,Philippa Bilbrey,pbilbreybz@eepurl.com,Engineer,PO Box 36703,(154) 9054314
433,2,Klement Orpen,korpenc0@ameblo.jp,Architect,Apt 1823,(351) 9017502
434,3,Marquita Bedingfield,mbedingfieldc1@sciencedaily.com,Supervisor,Apt 1815,(128) 3031316
435,20,Stephi Firk,sfirkc2@live.com,Electrician,PO Box 7341,(539) 3016797
436,19,Russ Chiverstone,rchiverstonec3@taobao.com,Construction Worker,Room 1345,(860) 1658376
437,1,Gregg Harriagn,gharriagnc4@independent.co.uk,Construction Expeditor,Apt 271,(807) 4673921
438,13,Gilbertina Rosenzwig,grosenzwigc5@ocn.ne.jp,Electrician,Apt 150,(673) 3786903
439,11,Marti Condie,mcondiec6@sourceforge.net,Surveyor,PO Box 27810,(213) 6478556
440,12,Jdavie Eastope,jeastopec7@patch.com,Construction Expeditor,1st Floor,(174) 7226926
441,11,Seline Stealy,sstealyc8@cnet.com,Subcontractor,Suite 3,(219) 7888018
442,9,Frants Burchmore,fburchmorec9@sfgate.com,Subcontractor,Apt 1922,(892) 6313171
443,14,Lynnea McLeod,lmcleodca@earthlink.net,Project Manager,Suite 44,(198) 4923437
444,2,Gilbertina Offin,goffincb@qq.com,Supervisor,PO Box 8344,(370) 9640637
445,18,Mab Gatenby,mgatenbycc@taobao.com,Construction Worker,Room 637,(758) 8228486
446,4,Allys Visick,avisickcd@vistaprint.com,Construction Manager,Room 948,(430) 1385773
447,8,Barbabra Owers,bowersce@canalblog.com,Estimator,PO Box 73658,(605) 4386815
448,19,Marshal Briscow,mbriscowcf@sourceforge.net,Surveyor,PO Box 70275,(435) 9059979
449,13,Fey Sapena,fsapenacg@google.com.au,Project Manager,Apt 1386,(277) 4413238
450,12,Nealy Dingivan,ndingivanch@rambler.ru,Surveyor,PO Box 16640,(662) 9831599
451,4,Nicolina Vereker,nverekerci@ucoz.ru,Construction Manager,12th Floor,(978) 2864018
452,19,Eunice McCumskay,emccumskaycj@t.co,Project Manager,Apt 1432,(139) 6914293
453,9,Merwin Saltsberg,msaltsbergck@biblegateway.com,Construction Expeditor,Apt 374,(524) 9736518
454,15,Lexie Bennet,lbennetcl@psu.edu,Estimator,14th Floor,(321) 3441477
455,8,Krishna Aartsen,kaartsencm@scientificamerican.com,Construction Foreman,Room 491,(559) 1995244
456,1,Windham Smidmoor,wsmidmoorcn@amazon.com,Engineer,PO Box 35101,(859) 8075598
457,5,Mordecai Churn,mchurnco@histats.com,Estimator,PO Box 30582,(146) 2544919
458,16,Read Duchatel,rduchatelcp@auda.org.au,Surveyor,Room 111,(409) 8868748
459,3,Myrtie Glanton,mglantoncq@yandex.ru,Project Manager,PO Box 17331,(824) 5070715
460,14,Frasier Dionisio,fdionisiocr@istockphoto.com,Engineer,Room 575,(300) 6265489
461,18,Dael Sancraft,dsancraftcs@dagondesign.com,Subcontractor,Suite 38,(662) 9220281
462,6,Thoma Ogilvie,togilviect@ning.com,Electrician,Suite 20,(966) 8131546
463,20,Ree Pecey,rpeceycu@amazonaws.com,Supervisor,Room 1442,(290) 5116213
464,12,Timothy Masic,tmasiccv@disqus.com,Architect,Room 1134,(533) 1857871
465,10,Rosabel Winnister,rwinnistercw@ucoz.ru,Construction Manager,PO Box 2433,(833) 3597634
466,13,Federico Denley,fdenleycx@t.co,Engineer,Apt 1541,(405) 3797129
467,11,Flory Ingliby,finglibycy@fc2.com,Construction Worker,1st Floor,(398) 5624306
468,7,Cherin Rioch,criochcz@tmall.com,Construction Worker,Suite 56,(859) 3987514
469,2,Petra Ffrench,pffrenchd0@webs.com,Construction Foreman,Suite 87,(903) 1752301
470,17,Cynthie Sagrott,csagrottd1@sfgate.com,Construction Manager,Suite 5,(536) 5393111
471,7,Clarette MacPharlain,cmacpharlaind2@twitter.com,Supervisor,PO Box 11204,(561) 2673878
472,2,Shaylynn Marryatt,smarryattd3@apple.com,Surveyor,Suite 71,(506) 5066164
473,15,Elliot Fibben,efibbend4@cisco.com,Subcontractor,Suite 89,(513) 5065036
474,8,Ethelred Michelotti,emichelottid5@youtu.be,Construction Foreman,PO Box 75533,(716) 2635872
475,20,Petronille Laughrey,plaughreyd6@who.int,Project Manager,PO Box 36511,(426) 4854511
476,3,Latrina Matthieson,lmatthiesond7@oakley.com,Surveyor,Room 259,(413) 6629801
477,6,Ximenez Dwire,xdwired8@deliciousdays.com,Supervisor,PO Box 86071,(384) 1890743
478,13,Inessa Muzzall,imuzzalld9@sogou.com,Estimator,PO Box 55035,(793) 8204387
479,10,Zola Rubra,zrubrada@seattletimes.com,Engineer,14th Floor,(280) 9961836
480,4,Hayyim Bloxsum,hbloxsumdb@yelp.com,Construction Manager,5th Floor,(968) 3402859
481,18,Oby Womack,owomackdc@umn.edu,Electrician,Suite 67,(758) 2675365
482,5,Cicely Karolczyk,ckarolczykdd@altervista.org,Project Manager,Apt 1914,(790) 1629594
483,9,Margaretta Lidgate,mlidgatede@cornell.edu,Construction Foreman,PO Box 26085,(984) 2007685
484,16,Thayne Topliss,ttoplissdf@hhs.gov,Electrician,Suite 48,(292) 5672711
485,19,Lay Wildbore,lwildboredg@home.pl,Engineer,Apt 897,(245) 8699838
486,11,Jaquelyn Dallin,jdallindh@jalbum.net,Surveyor,Suite 87,(560) 9465364
487,14,Kelila Strelitzer,kstrelitzerdi@opensource.org,Surveyor,11th Floor,(169) 3900723
488,1,Sarah MacKilroe,smackilroedj@dailymotion.com,Construction Worker,PO Box 92927,(597) 7491894
489,17,Kara Ingleson,kinglesondk@exblog.jp,Architect,PO Box 55441,(299) 3104776
490,12,Chiquia Jimeno,cjimenodl@newsvine.com,Construction Worker,Apt 1239,(853) 5409168
491,13,Dom Powdrell,dpowdrelldm@tamu.edu,Construction Manager,Suite 41,(749) 4607665
492,14,Cherilyn Mearing,cmearingdn@rambler.ru,Subcontractor,15th Floor,(639) 9057247
493,19,Emmie MacIntyre,emacintyredo@state.gov,Construction Expeditor,2nd Floor,(455) 8987770
494,5,Adriano Grimbleby,agrimblebydp@ow.ly,Engineer,Apt 1379,(132) 8136636
495,6,Teddi Line,tlinedq@si.edu,Subcontractor,PO Box 31074,(463) 5968451
496,7,Thomasine Dingley,tdingleydr@exblog.jp,Supervisor,Suite 11,(672) 4971758
497,15,Keefer Bernadon,kbernadonds@springer.com,Construction Manager,Apt 1393,(930) 5498789
498,12,Joseph Bosket,jbosketdt@smh.com.au,Engineer,PO Box 31012,(800) 5441626
499,9,Adler Grose,agrosedu@hp.com,Surveyor,Room 717,(788) 6551450
500,8,Correna Mance,cmancedv@parallels.com,Construction Worker,PO Box 74689,(218) 4056125
501,8,Krisha Adamovitz,kadamovitzdw@who.int,Project Manager,Suite 68,(988) 5041930
502,7,Lanita Imlen,limlendx@comsenz.com,Subcontractor,Suite 93,(652) 4347445
503,12,Teirtza Beagen,tbeagendy@ox.ac.uk,Project Manager,Apt 309,(869) 8551029
504,16,Dur Asipenko,dasipenkodz@infoseek.co.jp,Construction Worker,4th Floor,(268) 7425260
505,2,Gage Bowmaker,gbowmakere0@xrea.com,Construction Manager,Suite 40,(454) 6880078
506,14,Nial Godfree,ngodfreee1@alexa.com,Subcontractor,PO Box 62367,(476) 6360737
507,6,Dillie Pettendrich,dpettendriche2@gov.uk,Project Manager,Apt 1979,(339) 6395419
508,3,Melesa Bettanay,mbettanaye3@github.com,Construction Foreman,Room 1214,(376) 2861656
509,1,Estell Gislebert,egisleberte4@stanford.edu,Engineer,Suite 2,(364) 7113183
510,11,Benjy Mattioni,bmattionie5@ox.ac.uk,Construction Foreman,Apt 1616,(765) 8362296
511,18,Duke Worland,dworlande6@ihg.com,Construction Foreman,Suite 100,(911) 9971075
512,15,Sanders Guard,sguarde7@blogtalkradio.com,Electrician,Room 255,(446) 1837124
513,5,Diena McJerrow,dmcjerrowe8@hp.com,Electrician,Suite 55,(588) 5533090
514,17,Arlyn Cannaway,acannawaye9@dailymail.co.uk,Construction Expeditor,PO Box 26024,(457) 9014725
515,20,Charline Gilyott,cgilyottea@omniture.com,Subcontractor,Room 1199,(416) 3193430
516,19,Arel Bissell,abisselleb@dailymail.co.uk,Construction Worker,Suite 37,(823) 1649718
517,13,Brenden Barrat,bbarratec@netlog.com,Surveyor,Suite 27,(261) 1853827
518,4,Isak Johnes,ijohnesed@mtv.com,Architect,Room 506,(555) 6537084
519,10,Abbe Pardey,apardeyee@bandcamp.com,Construction Foreman,Suite 88,(166) 2641884
520,9,Lorry Kinloch,lkinlochef@cam.ac.uk,Construction Expeditor,Room 1499,(361) 4753094
521,8,Hortense Bluschke,hbluschkeeg@cocolog-nifty.com,Engineer,Suite 71,(754) 8003801
522,10,Ann-marie Freeborne,afreeborneeh@ihg.com,Project Manager,11th Floor,(621) 5599944
523,15,Tracy Worpole,tworpoleei@msn.com,Construction Manager,Room 1680,(677) 7327329
524,12,Constantia Neesam,cneesamej@guardian.co.uk,Construction Foreman,Room 1414,(613) 3645563
525,1,Danyelle Adriani,dadrianiek@discovery.com,Electrician,Room 670,(253) 7464720
526,19,Cheston MacKee,cmackeeel@amazon.com,Construction Worker,Room 711,(290) 6592791
527,6,Denis Parchment,dparchmentem@aol.com,Project Manager,PO Box 65369,(751) 7411118
528,17,Jilli Anyene,janyeneen@unesco.org,Construction Expeditor,Room 1500,(359) 8983655
529,16,Elie Stote,estoteeo@ox.ac.uk,Subcontractor,Apt 1224,(159) 6215133
530,9,Rodrick Pinnijar,rpinnijarep@home.pl,Engineer,Suite 80,(743) 3038438
531,7,Clemmie Hains,chainseq@spiegel.de,Subcontractor,16th Floor,(642) 8358180
532,4,Jaquelyn Ferry,jferryer@twitter.com,Estimator,Apt 510,(238) 3050426
533,3,Adan Geri,ageries@gravatar.com,Surveyor,Suite 43,(527) 4720257
534,14,Darb Bier,dbieret@google.fr,Construction Foreman,Apt 643,(273) 9708782
535,18,Valerie Scawen,vscaweneu@usa.gov,Estimator,Suite 78,(955) 9493963
536,20,Julina McGibbon,jmcgibbonev@ucla.edu,Construction Foreman,2nd Floor,(666) 9386851
537,13,Blondie MacLleese,bmaclleeseew@php.net,Engineer,Room 169,(438) 3300522
538,11,Eloisa Ramelet,erameletex@parallels.com,Surveyor,Room 840,(147) 7128366
539,2,Rutger Predohl,rpredohley@4shared.com,Surveyor,1st Floor,(280) 6095341
540,5,Adorne Chrichton,achrichtonez@1688.com,Estimator,Suite 62,(622) 4813974
541,14,Urbain Thouless,uthoulessf0@twitter.com,Subcontractor,PO Box 42357,(508) 3607510
542,11,Catlin Dowbiggin,cdowbigginf1@latimes.com,Construction Worker,Suite 54,(425) 9058682
543,7,Abdul Pascoe,apascoef2@w3.org,Estimator,Apt 1446,(398) 3309708
544,12,Sofia Cowdray,scowdrayf3@buzzfeed.com,Electrician,Room 1368,(228) 5301888
545,10,Shane Cattel,scattelf4@comcast.net,Engineer,5th Floor,(319) 5491803
546,3,Marjory Hanratty,mhanrattyf5@springer.com,Project Manager,Room 1512,(976) 8832358
547,17,Bjorn Kinavan,bkinavanf6@deliciousdays.com,Project Manager,Apt 1589,(984) 1680339
548,9,Candis Wigzell,cwigzellf7@tinypic.com,Electrician,Suite 71,(458) 7119075
549,5,Adams Linkie,alinkief8@irs.gov,Construction Expeditor,PO Box 42538,(315) 8665943
550,15,Dorothea Beastall,dbeastallf9@opensource.org,Supervisor,PO Box 22662,(414) 8036828
551,3,Hollyanne Sugars,hsugarsfa@squarespace.com,Project Manager,PO Box 23827,(816) 1247353
552,4,Myrvyn Dearn,mdearnfb@google.pl,Architect,Apt 1117,(116) 9854008
553,2,Gaby Johantges,gjohantgesfc@plala.or.jp,Construction Worker,9th Floor,(518) 6284198
554,6,Monro Bold,mboldfd@wikimedia.org,Project Manager,14th Floor,(730) 5655671
555,17,Delbert Iacovini,diacovinife@harvard.edu,Subcontractor,12th Floor,(532) 4438071
556,11,Alfie Cordeix,acordeixff@tmall.com,Engineer,Room 644,(682) 8801962
557,20,Kelley Bausor,kbausorfg@newsvine.com,Supervisor,1st Floor,(240) 7505181
558,15,Galven Scottesmoor,gscottesmoorfh@wordpress.com,Engineer,Room 1683,(651) 7081823
559,18,Dolli Fairebrother,dfairebrotherfi@comcast.net,Estimator,7th Floor,(318) 7897181
560,13,Dag Kleinbaum,dkleinbaumfj@nature.com,Construction Foreman,Apt 180,(692) 1964908
561,12,Bessy Edmund,bedmundfk@de.vu,Engineer,Apt 1914,(500) 3558086
562,9,Ellissa Chaffen,echaffenfl@boston.com,Project Manager,Apt 1198,(592) 2322603
563,1,Kayne Beekmann,kbeekmannfm@a8.net,Construction Expeditor,Apt 835,(979) 1853829
564,19,Felisha Infantino,finfantinofn@aboutads.info,Subcontractor,Room 646,(280) 9250218
565,14,Edwina Dudin,edudinfo@ucoz.ru,Construction Manager,Suite 46,(583) 2272346
566,10,Roddie Klousner,rklousnerfp@blogspot.com,Construction Manager,Suite 50,(267) 1137670
567,7,Rici Tuminini,rtumininifq@amazonaws.com,Construction Expeditor,12th Floor,(876) 5460560
568,5,Agnola Claye,aclayefr@sfgate.com,Estimator,PO Box 20375,(202) 8136263
569,16,Shayne Banner,sbannerfs@rambler.ru,Electrician,Suite 57,(816) 2349896
570,8,Conrado Tiddy,ctiddyft@rambler.ru,Electrician,Room 456,(708) 2200999
571,5,Nikoletta Cawthra,ncawthrafu@bloglovin.com,Electrician,10th Floor,(571) 5248056
572,6,Leonie Keslake,lkeslakefv@theguardian.com,Project Manager,PO Box 30732,(539) 4391019
573,10,Eolande Offner,eoffnerfw@fda.gov,Supervisor,Suite 12,(102) 6410901
574,1,Courtnay Jiricka,cjirickafx@blogs.com,Engineer,Room 289,(718) 1665630
575,18,Elinore Vedntyev,evedntyevfy@hao123.com,Construction Manager,Room 265,(919) 4155260
576,12,Godiva Cuchey,gcucheyfz@fastcompany.com,Architect,10th Floor,(997) 5077832
577,9,Emelina Regelous,eregelousg0@npr.org,Supervisor,Room 800,(357) 5175418
578,2,Sutton Linnett,slinnettg1@bravesites.com,Construction Expeditor,Suite 6,(343) 2973355
579,14,Netta Search,nsearchg2@dagondesign.com,Engineer,PO Box 74849,(837) 3682383
580,19,Faina Roylance,froylanceg3@npr.org,Project Manager,4th Floor,(408) 8959830
581,15,Yasmin Grene,ygreneg4@dot.gov,Surveyor,Apt 1767,(331) 8284103
582,16,Morissa Suggitt,msuggittg5@vimeo.com,Estimator,16th Floor,(350) 6397415
583,17,Ericha Lewsam,elewsamg6@twitter.com,Supervisor,Suite 12,(910) 2339502
584,8,Cindee Sebring,csebringg7@yale.edu,Construction Worker,Apt 1731,(176) 6805035
585,13,Minetta McGriffin,mmcgriffing8@mediafire.com,Engineer,Apt 466,(944) 3802505
586,7,Corilla Pichan,cpichang9@ucla.edu,Project Manager,PO Box 52773,(610) 7007219
587,4,Kelcie Gantley,kgantleyga@skyrock.com,Project Manager,PO Box 94143,(637) 3439025
588,3,Randie Gillinghams,rgillinghamsgb@acquirethisname.com,Subcontractor,PO Box 29340,(693) 1529161
589,20,Minerva Killimister,mkillimistergc@tripod.com,Construction Expeditor,20th Floor,(712) 9917598
590,11,Emmalyn Rouzet,erouzetgd@narod.ru,Construction Foreman,PO Box 40072,(434) 8307307
591,14,Alric Elphinston,aelphinstonge@shutterfly.com,Construction Worker,Suite 73,(516) 9880931
592,8,Chandler Tichelaar,ctichelaargf@indiatimes.com,Supervisor,Room 787,(781) 1660575
593,1,Clemence Benson,cbensongg@adobe.com,Architect,Room 819,(248) 6144510
594,16,Betteanne Goodbarne,bgoodbarnegh@craigslist.org,Architect,6th Floor,(240) 6633078
595,7,Daryl Hatfull,dhatfullgi@qq.com,Construction Expeditor,PO Box 21181,(611) 4456413
596,15,Tandy Philipard,tphilipardgj@nyu.edu,Subcontractor,PO Box 89527,(801) 8308750
597,17,Tracie Tuff,ttuffgk@vimeo.com,Surveyor,Apt 913,(775) 6471953
598,18,Hugues Baldoni,hbaldonigl@naver.com,Engineer,PO Box 45706,(416) 3562937
599,2,Penelopa Walewicz,pwalewiczgm@auda.org.au,Construction Expeditor,PO Box 26656,(962) 1111178
600,4,Darrel Alloisi,dalloisign@narod.ru,Architect,PO Box 62227,(617) 8974913
601,1,Paquito Le Fevre,plego@shareasale.com,Engineer,PO Box 85645,(979) 2898122
602,11,Shelton Coverley,scoverleygp@noaa.gov,Construction Manager,Room 524,(825) 6364459
603,9,Kary Cowx,kcowxgq@elpais.com,Surveyor,PO Box 55219,(837) 2821874
604,7,Dulsea Cussen,dcussengr@clickbank.net,Engineer,Room 171,(128) 3573528
605,5,Elie Churchward,echurchwardgs@paginegialle.it,Construction Expeditor,PO Box 66736,(308) 5990768
606,14,Corabelle Hun,chungt@ox.ac.uk,Construction Manager,Apt 1127,(694) 4370344
607,13,Corliss Andrew,candrewgu@newsvine.com,Construction Foreman,1st Floor,(485) 1901685
608,4,Antonietta Evens,aevensgv@who.int,Supervisor,Apt 1409,(579) 9963969
609,12,Jerrilyn Sculley,jsculleygw@4shared.com,Construction Expeditor,Apt 1166,(226) 5601725
610,18,Gal Huckel,ghuckelgx@wikimedia.org,Project Manager,PO Box 7192,(225) 1910370
611,10,Jdavie Riordan,jriordangy@ning.com,Construction Worker,Apt 315,(558) 9549410
612,20,Irina Devonside,idevonsidegz@pagesperso-orange.fr,Subcontractor,Apt 627,(277) 4630978
613,2,Tate Bauldry,tbauldryh0@mayoclinic.com,Project Manager,19th Floor,(727) 8597081
614,8,Adams Thomasen,athomasenh1@google.fr,Subcontractor,Apt 751,(646) 8127971
615,15,Pepe Allston,pallstonh2@hc360.com,Construction Worker,6th Floor,(772) 4993822
616,19,Kevin Peele,kpeeleh3@hud.gov,Subcontractor,Suite 82,(776) 5539458
617,6,Eden Runsey,erunseyh4@people.com.cn,Project Manager,1st Floor,(315) 8017103
618,17,Aileen Birchwood,abirchwoodh5@noaa.gov,Estimator,Apt 942,(206) 4421140
619,16,Molly Bastin,mbastinh6@linkedin.com,Electrician,Apt 1394,(848) 9858174
620,3,Gigi McGarva,gmcgarvah7@go.com,Subcontractor,Suite 43,(385) 1517264
621,6,Clemente Allsep,callseph8@prnewswire.com,Surveyor,Apt 1226,(474) 7228280
622,9,Clifford Pina,cpinah9@google.ru,Estimator,Apt 1562,(694) 1130457
623,12,Farley Penniall,fpenniallha@blogs.com,Estimator,Suite 71,(518) 9364618
624,17,Ted Maylin,tmaylinhb@salon.com,Surveyor,Room 1944,(561) 3363304
625,13,Hasheem Kewzick,hkewzickhc@guardian.co.uk,Construction Expeditor,Suite 28,(444) 6904781
626,8,Tait Bagnal,tbagnalhd@mediafire.com,Construction Worker,PO Box 72140,(712) 3064489
627,14,Ewan Franks,efrankshe@ifeng.com,Project Manager,Apt 883,(296) 5242660
628,16,Garvey Rodmell,grodmellhf@google.fr,Project Manager,Apt 371,(149) 1547498
629,10,Pandora Blyth,pblythhg@admin.ch,Project Manager,Apt 622,(131) 2901441
630,5,Jessalin Torrijos,jtorrijoshh@shutterfly.com,Subcontractor,9th Floor,(228) 8161106
631,7,Dulcie Woodyer,dwoodyerhi@tiny.cc,Architect,Apt 815,(575) 2906813
632,19,Ysabel Arthan,yarthanhj@eventbrite.com,Estimator,Suite 98,(959) 2237348
633,18,Annadiana Menis,amenishk@noaa.gov,Construction Expeditor,PO Box 42681,(990) 1072641
634,11,Donnajean Robart,drobarthl@google.com.br,Engineer,Room 1777,(223) 4867071
635,15,Kendre Esmonde,kesmondehm@instagram.com,Project Manager,Apt 89,(627) 8730869
636,1,Harrie Cocke,hcockehn@studiopress.com,Construction Manager,Room 204,(158) 9349804
637,20,Katie Lugton,klugtonho@mayoclinic.com,Engineer,Room 1389,(803) 4161142
638,4,Jobina Melluish,jmelluishhp@quantcast.com,Construction Worker,PO Box 56425,(143) 4540754
639,3,Tommy Nassy,tnassyhq@amazonaws.com,Construction Manager,6th Floor,(740) 6419469
640,2,Candace Rishworth,crishworthhr@wunderground.com,Engineer,7th Floor,(228) 1670717
641,7,Casar Ciubutaro,cciubutarohs@webnode.com,Architect,15th Floor,(452) 4887871
642,15,Arabele Mandel,amandelht@liveinternet.ru,Engineer,PO Box 51111,(377) 4560443
643,12,Gard Pautard,gpautardhu@va.gov,Construction Manager,PO Box 92528,(158) 2475700
644,20,Pearle Twede,ptwedehv@eepurl.com,Estimator,Apt 355,(855) 3267997
645,14,Emili Antonio,eantoniohw@samsung.com,Project Manager,Room 1202,(830) 5228519
646,6,Cordi Iddon,ciddonhx@epa.gov,Surveyor,Room 451,(533) 7355448
647,18,Marlena Gianiello,mgianiellohy@java.com,Construction Worker,PO Box 18877,(852) 2564431
648,1,Derick Fazzioli,dfazziolihz@ocn.ne.jp,Construction Worker,Suite 65,(471) 1677697
649,16,Andreana Apedaile,aapedailei0@canalblog.com,Architect,PO Box 62726,(938) 9248332
650,8,Dallis Ohlsen,dohlseni1@tripadvisor.com,Construction Worker,Apt 1490,(191) 3846706
651,14,Aubrie Redler,aredleri2@epa.gov,Supervisor,Suite 30,(200) 8078722
652,4,Lalo Kleinplac,lkleinplaci3@oakley.com,Subcontractor,Room 1981,(828) 5326208
653,8,Troy Le Gassick,tlei4@163.com,Electrician,Room 145,(927) 6197617
654,19,Farrell Rawll,frawlli5@storify.com,Subcontractor,3rd Floor,(839) 9091894
655,9,Nickie Wegener,nwegeneri6@globo.com,Engineer,Room 1965,(863) 3915779
656,5,Mitchell Rustich,mrustichi7@trellian.com,Construction Manager,Suite 25,(975) 2957123
657,20,Kimberlyn Doeg,kdoegi8@google.fr,Electrician,PO Box 53169,(696) 7595717
658,7,Frederique Janning,fjanningi9@walmart.com,Construction Worker,Suite 57,(670) 7064263
659,15,Jillie Finlayson,jfinlaysonia@ameblo.jp,Subcontractor,Room 1431,(934) 4026294
660,17,Natty Folonin,nfoloninib@yahoo.com,Construction Foreman,PO Box 45056,(224) 6789809
661,12,Ralph Bywaters,rbywatersic@furl.net,Surveyor,Room 993,(554) 1125276
662,6,Natasha Kelsell,nkelsellid@wix.com,Electrician,PO Box 52605,(399) 9203690
663,16,Chevy Greveson,cgrevesonie@miibeian.gov.cn,Subcontractor,Suite 67,(190) 4662202
664,10,Rockwell Barrowclough,rbarrowcloughif@theatlantic.com,Architect,Suite 66,(544) 3148857
665,2,Bobbette Deller,bdellerig@creativecommons.org,Construction Worker,PO Box 59238,(482) 7915382
666,3,Harriette Matfin,hmatfinih@photobucket.com,Surveyor,Apt 1115,(161) 5777174
667,18,Charlie Morrison,cmorrisonii@netlog.com,Construction Foreman,Apt 1036,(915) 1013668
668,11,Ferguson Attle,fattleij@simplemachines.org,Construction Manager,Room 1914,(844) 3497561
669,13,Uri Richardin,urichardinik@aol.com,Project Manager,16th Floor,(153) 8806753
670,1,Elisha Mulligan,emulliganil@parallels.com,Engineer,8th Floor,(344) 9902403
671,3,Elisabet Crew,ecrewim@ezinearticles.com,Surveyor,Apt 1978,(200) 8888752
672,12,Othilia Wrightson,owrightsonin@squarespace.com,Electrician,Suite 73,(203) 1993683
673,8,Alfi Mateu,amateuio@ucla.edu,Subcontractor,PO Box 23929,(845) 3356802
674,13,Hugo Welsby,hwelsbyip@disqus.com,Construction Manager,Suite 30,(602) 7376107
675,5,Ailene Cowtherd,acowtherdiq@amazonaws.com,Subcontractor,Room 29,(354) 2411925
676,16,Madalena Alfwy,malfwyir@aol.com,Electrician,Apt 1903,(788) 1426780
677,9,Carleton Dovermann,cdovermannis@adobe.com,Construction Worker,16th Floor,(969) 4331439
678,1,Jozef Crocombe,jcrocombeit@booking.com,Supervisor,PO Box 47264,(899) 8600368
679,17,Omero Flowerden,oflowerdeniu@businessinsider.com,Subcontractor,13th Floor,(782) 7219903
680,20,Nicola Kindleside,nkindlesideiv@msu.edu,Construction Foreman,Room 1318,(819) 1546556
681,11,Maddalena Massow,mmassowiw@de.vu,Electrician,7th Floor,(815) 7515868
682,18,Brennen Kirkup,bkirkupix@google.com.hk,Project Manager,Suite 67,(539) 7185581
683,10,Sydney Bernardet,sbernardetiy@slideshare.net,Supervisor,Room 995,(423) 4596998
684,15,Marven Gilchriest,mgilchriestiz@quantcast.com,Construction Expeditor,Apt 183,(941) 5401741
685,14,Nickolai Balke,nbalkej0@dmoz.org,Project Manager,PO Box 87087,(880) 5318999
686,6,Bonnee Esilmon,besilmonj1@soup.io,Architect,Suite 42,(348) 9872126
687,4,Miltie Honsch,mhonschj2@wunderground.com,Estimator,PO Box 95608,(289) 2335067
688,19,Giulio Seavers,gseaversj3@canalblog.com,Subcontractor,PO Box 68304,(992) 5166160
689,7,Michale Jorn,mjornj4@opensource.org,Construction Worker,Room 111,(558) 1349737
690,2,Gloria Zuanazzi,gzuanazzij5@imdb.com,Construction Worker,Suite 10,(407) 6233643
691,16,Tamra Chazelas,tchazelasj6@com.com,Construction Worker,Apt 1506,(559) 6867931
692,6,Ettore Jollands,ejollandsj7@topsy.com,Construction Worker,PO Box 57268,(571) 2412444
693,8,Meade Hurburt,mhurburtj8@jigsy.com,Construction Worker,Apt 442,(288) 2120224
694,12,Vern Sturdgess,vsturdgessj9@nasa.gov,Estimator,PO Box 29892,(829) 6336272
695,11,Micah Dodwell,mdodwellja@so-net.ne.jp,Construction Expeditor,Apt 1175,(141) 9064803
696,1,Barrie Mulles,bmullesjb@privacy.gov.au,Surveyor,Suite 85,(102) 3350004
697,2,Abran Crummy,acrummyjc@usatoday.com,Construction Foreman,1st Floor,(286) 7235683
698,3,Stephani Meikle,smeiklejd@sciencedirect.com,Engineer,Room 1372,(267) 6050693
699,18,Chery Mapholm,cmapholmje@cpanel.net,Construction Foreman,Suite 67,(398) 8182508
700,19,Yolande Fitzackerley,yfitzackerleyjf@illinois.edu,Estimator,Room 262,(525) 4498844
701,20,Benjy Whitelaw,bwhitelawjg@mysql.com,Architect,Suite 91,(535) 5038544
702,16,Batholomew Golston,bgolstonjh@arizona.edu,Construction Worker,PO Box 43043,(346) 1498542
703,12,Estell Masterman,emastermanji@timesonline.co.uk,Estimator,PO Box 382,(727) 3439621
704,1,Xerxes Ronci,xroncijj@scientificamerican.com,Surveyor,Room 1737,(202) 3125369
705,13,Kleon Brea,kbreajk@soup.io,Supervisor,Apt 521,(895) 8893034
706,6,Fanny Claasen,fclaasenjl@home.pl,Construction Expeditor,Suite 40,(957) 1600855
707,14,Sidney Eley,seleyjm@dagondesign.com,Electrician,PO Box 1668,(698) 9983362
708,18,Nina Quirk,nquirkjn@census.gov,Architect,14th Floor,(271) 5018500
709,8,Dilan Warner,dwarnerjo@spotify.com,Construction Expeditor,17th Floor,(542) 5626981
710,19,Emerson Sommers,esommersjp@mlb.com,Surveyor,Room 820,(829) 4446614
711,10,Bendix Attwoull,battwoulljq@oracle.com,Subcontractor,7th Floor,(473) 6291179
712,4,Cherish Devitt,cdevittjr@washingtonpost.com,Construction Foreman,Suite 89,(262) 6464505
713,11,Wayland Briggdale,wbriggdalejs@google.fr,Engineer,Suite 100,(275) 7650737
714,5,Melba McMickan,mmcmickanjt@apple.com,Construction Manager,Suite 78,(309) 3389096
715,2,Alvan Yushin,ayushinju@prweb.com,Engineer,Apt 848,(465) 9730275
716,9,Merry Fortman,mfortmanjv@simplemachines.org,Architect,Room 94,(734) 4077219
717,15,Idell Philott,iphilottjw@gizmodo.com,Architect,PO Box 85935,(985) 1457675
718,3,Ofelia Sermin,oserminjx@oaic.gov.au,Surveyor,Room 623,(818) 9652969
719,17,Maximilian Artharg,marthargjy@alibaba.com,Engineer,9th Floor,(945) 9571549
720,7,Teresina Alexsandrov,talexsandrovjz@amazon.com,Architect,Room 492,(385) 1942876
721,5,Coop Potteridge,cpotteridgek0@scribd.com,Electrician,Apt 545,(965) 1961190
722,11,Sarette Andreichik,sandreichikk1@xrea.com,Project Manager,Room 1204,(865) 7530527
723,16,Smitty Steketee,ssteketeek2@illinois.edu,Construction Worker,Apt 749,(319) 4025517
724,9,Orlan Lehrahan,olehrahank3@mapquest.com,Electrician,Suite 23,(668) 2021412
725,1,Tedie Gibbings,tgibbingsk4@ask.com,Surveyor,Room 1034,(419) 6854580
726,19,Rafa Gianninotti,rgianninottik5@icio.us,Estimator,Apt 561,(353) 5283906
727,18,Pegeen Lehon,plehonk6@hostgator.com,Construction Worker,Room 1766,(876) 6931708
728,4,York Paulig,ypauligk7@phpbb.com,Surveyor,PO Box 27415,(367) 9090348
729,8,Lil Dolan,ldolank8@twitpic.com,Subcontractor,Suite 43,(573) 9957551
730,15,Corrie Boch,cbochk9@apache.org,Construction Manager,Apt 378,(283) 2477053
731,12,Carlynne Trickey,ctrickeyka@constantcontact.com,Subcontractor,11th Floor,(458) 6690792
732,13,Terrance Housegoe,thousegoekb@admin.ch,Supervisor,Apt 376,(665) 6143478
733,10,Adelice Rathke,arathkekc@psu.edu,Construction Foreman,16th Floor,(617) 4182720
734,17,Marilee MacComiskey,mmaccomiskeykd@vk.com,Construction Worker,Room 562,(498) 3870241
735,7,Felix Lamb,flambke@yandex.ru,Surveyor,Room 971,(405) 5028129
736,2,Charline Craister,ccraisterkf@nifty.com,Electrician,16th Floor,(422) 2904264
737,6,Loreen Cady,lcadykg@intel.com,Engineer,Suite 48,(343) 1637065
738,3,Stephanie Domone,sdomonekh@auda.org.au,Surveyor,PO Box 15752,(589) 8115170
739,14,Felipa Stickler,fsticklerki@shinystat.com,Electrician,Apt 970,(336) 8417910
740,20,Darby Buddington,dbuddingtonkj@europa.eu,Construction Foreman,20th Floor,(604) 7826881
741,7,Ania Cready,acreadykk@ca.gov,Electrician,Suite 99,(518) 8934211
742,17,Cairistiona Burness,cburnesskl@ustream.tv,Project Manager,Suite 49,(860) 1842368
743,15,Maddalena Mapplethorpe,mmapplethorpekm@miitbeian.gov.cn,Engineer,Apt 1470,(661) 9803318
744,13,Mozelle Blackhall,mblackhallkn@mit.edu,Project Manager,Room 1837,(116) 2955426
745,10,Lesly Peatman,lpeatmanko@tuttocitta.it,Project Manager,Room 1242,(409) 4236328
746,19,Salomone Kehri,skehrikp@cornell.edu,Supervisor,Room 121,(728) 8164327
747,4,Felicity Lafont,flafontkq@eventbrite.com,Surveyor,Room 719,(901) 6832568
748,20,Falkner Snoad,fsnoadkr@washingtonpost.com,Construction Foreman,Apt 463,(286) 4767123
749,18,Nanine Labrum,nlabrumks@nsw.gov.au,Subcontractor,Suite 6,(508) 5852563
750,9,Barron Brumfitt,bbrumfittkt@merriam-webster.com,Construction Worker,Suite 61,(303) 5119524
751,7,Tabby Ellesworthe,telleswortheku@yahoo.co.jp,Construction Expeditor,Apt 482,(192) 3407779
752,3,Kelbee Allison,kallisonkv@dot.gov,Surveyor,Apt 163,(108) 1993545
753,17,Kimmy Northcliffe,knorthcliffekw@lycos.com,Subcontractor,Suite 77,(173) 9227763
754,1,Mallorie Coffelt,mcoffeltkx@apple.com,Construction Worker,PO Box 73128,(928) 6085770
755,2,Sophronia Bransom,sbransomky@liveinternet.ru,Construction Foreman,Room 1045,(195) 8656539
756,9,Florencia Christmas,fchristmaskz@alexa.com,Engineer,Room 1974,(128) 4791835
757,18,Courtnay Januszkiewicz,cjanuszkiewiczl0@chron.com,Subcontractor,Suite 53,(548) 6344941
758,6,Zena Rainsbury,zrainsburyl1@github.com,Estimator,3rd Floor,(218) 4000612
759,11,Fernando Kindon,fkindonl2@ft.com,Electrician,Suite 64,(239) 1895580
760,8,Washington Von Hindenburg,wvonl3@house.gov,Supervisor,16th Floor,(453) 2765391
761,13,Klaus Shaw,kshawl4@utexas.edu,Construction Worker,PO Box 22032,(210) 8789371
762,10,Yetta De Dantesie,ydel5@wikipedia.org,Engineer,Apt 1879,(774) 8046282
763,16,Eb McNeillie,emcneilliel6@macromedia.com,Estimator,Room 909,(578) 1064702
764,19,Charlena Tinmouth,ctinmouthl7@twitpic.com,Construction Expeditor,18th Floor,(319) 2555792
765,5,Francyne Luck,fluckl8@flickr.com,Engineer,Room 883,(541) 2737110
766,15,Ernest Wickling,ewicklingl9@taobao.com,Engineer,Room 1167,(366) 3930527
767,14,Ric Leel,rleella@netscape.com,Construction Foreman,PO Box 38694,(548) 1628497
768,20,Ariel Glacken,aglackenlb@harvard.edu,Surveyor,PO Box 91257,(338) 1875088
769,12,Aloin McGowing,amcgowinglc@prweb.com,Project Manager,PO Box 80790,(704) 9017642
770,4,Hedda Bolsteridge,hbolsteridgeld@craigslist.org,Construction Expeditor,Room 1860,(646) 4631060
771,20,Randi Braksper,rbraksperle@studiopress.com,Construction Worker,1st Floor,(432) 5344852
772,19,Carson Mayoral,cmayorallf@fotki.com,Engineer,Suite 24,(915) 8725247
773,17,Esra MacCook,emaccooklg@sfgate.com,Construction Expeditor,Room 453,(922) 1881512
774,5,Stefa Critchard,scritchardlh@com.com,Architect,17th Floor,(122) 4372549
775,8,Clayton Cockley,ccockleyli@g.co,Electrician,Apt 1461,(956) 3071572
776,7,Tremaine Domenge,tdomengelj@nasa.gov,Supervisor,6th Floor,(185) 1760974
777,3,Mikkel Plowes,mploweslk@who.int,Construction Expeditor,Apt 1622,(288) 5586389
778,18,Mathe Huckel,mhuckelll@dmoz.org,Architect,Room 1329,(490) 8355400
779,2,Bronny Lockitt,blockittlm@angelfire.com,Estimator,PO Box 5056,(865) 7567795
780,14,Roby Muff,rmuffln@fema.gov,Construction Manager,Room 912,(808) 5935833
781,6,Stillmann Ivchenko,sivchenkolo@skype.com,Electrician,19th Floor,(329) 7732965
782,10,Gates Woodger,gwoodgerlp@webeden.co.uk,Project Manager,Apt 919,(919) 5206658
783,4,Alvy Boyce,aboycelq@cdbaby.com,Electrician,Room 1327,(771) 2023274
784,11,Bernardo Dalyell,bdalyelllr@geocities.jp,Engineer,Apt 1178,(671) 2352094
785,16,Austine Loker,alokerls@archive.org,Subcontractor,13th Floor,(876) 5409373
786,15,Perkin Hanalan,phanalanlt@sfgate.com,Subcontractor,Suite 84,(279) 8592547
787,9,Lizabeth Toone,ltoonelu@hubpages.com,Construction Manager,Room 1312,(943) 6217561
788,12,Davina Burgen,dburgenlv@jugem.jp,Surveyor,PO Box 10805,(858) 4785363
789,13,Brandy Whewell,bwhewelllw@shinystat.com,Electrician,17th Floor,(973) 9164311
790,1,Marja Gilardi,mgilardilx@paypal.com,Electrician,15th Floor,(640) 4813461
791,6,Xylia Silcox,xsilcoxly@newsvine.com,Electrician,17th Floor,(363) 7418251
792,3,Sherry Broggetti,sbroggettilz@amazon.com,Engineer,Apt 66,(566) 5322835
793,10,Damara Kolis,dkolism0@google.it,Electrician,PO Box 17014,(943) 9194270
794,9,Luella McNeely,lmcneelym1@google.com.au,Construction Worker,Room 1968,(350) 1948154
795,14,Margaretha Forward,mforwardm2@ebay.com,Surveyor,Apt 1907,(291) 8637872
796,11,Abdel Gallihawk,agallihawkm3@tuttocitta.it,Project Manager,17th Floor,(339) 8838600
797,19,Niall Levensky,nlevenskym4@alibaba.com,Estimator,3rd Floor,(101) 9952443
798,1,Tiler Mostin,tmostinm5@utexas.edu,Construction Foreman,Suite 46,(753) 5175424
799,4,Raimund Tassel,rtasselm6@flickr.com,Surveyor,Apt 1618,(989) 8592527
800,13,Ann-marie Mackstead,amacksteadm7@taobao.com,Supervisor,Suite 1,(285) 4144125
801,15,Rickey Ilott,rilottm8@pinterest.com,Architect,4th Floor,(766) 9092846
802,11,Tanya Remirez,tremirezm9@gizmodo.com,Construction Expeditor,PO Box 60976,(420) 8818430
803,8,Jamaal Geerdts,jgeerdtsma@blogs.com,Subcontractor,Apt 790,(316) 7901488
804,17,Roderic Chagg,rchaggmb@webnode.com,Architect,Room 1929,(301) 3647879
805,13,Esma Spriddle,espriddlemc@china.com.cn,Surveyor,Apt 1928,(827) 7416620
806,16,Daniel Boothebie,dboothebiemd@moonfruit.com,Project Manager,Suite 62,(672) 3671449
807,18,Gregorius Keaton,gkeatonme@linkedin.com,Architect,Suite 24,(381) 9561047
808,4,Elliott Casel,ecaselmf@wired.com,Architect,PO Box 85640,(329) 8652596
809,14,Shawna Yablsley,syablsleymg@nyu.edu,Architect,Room 1358,(538) 6485693
810,5,Vincents Burfitt,vburfittmh@google.co.jp,Project Manager,Suite 58,(467) 8418797
811,1,Noam Armitt,narmittmi@blogspot.com,Electrician,Suite 99,(351) 6323146
812,10,Phillie Edeson,pedesonmj@so-net.ne.jp,Architect,Suite 46,(533) 6976214
813,2,Zebulon Yeatman,zyeatmanmk@cyberchimps.com,Project Manager,Apt 1749,(951) 1221698
814,6,Kaylyn Whipp,kwhippml@discovery.com,Supervisor,Room 1272,(139) 7009988
815,9,Halimeda Spray,hspraymm@example.com,Electrician,Suite 54,(152) 4672529
816,12,Blanca Eden,bedenmn@xrea.com,Construction Foreman,Apt 325,(549) 4162523
817,7,Tammie Duhig,tduhigmo@cbc.ca,Estimator,Room 1679,(458) 2656452
818,20,Melanie Coultish,mcoultishmp@altervista.org,Electrician,Suite 64,(840) 4738882
819,19,Ruthy Janew,rjanewmq@army.mil,Project Manager,Suite 52,(922) 2887353
820,3,Harlene Sancroft,hsancroftmr@java.com,Electrician,10th Floor,(841) 6979411
821,14,Gennifer Kimbury,gkimburyms@hud.gov,Electrician,PO Box 98082,(151) 4763917
822,3,Marie-jeanne Stoeckle,mstoecklemt@scientificamerican.com,Engineer,Suite 29,(290) 4864130
823,1,Prissie Chalcot,pchalcotmu@rediff.com,Project Manager,Apt 1347,(968) 4634592
824,9,Vincenz Hallor,vhallormv@mozilla.com,Engineer,Apt 1898,(447) 7824749
825,4,Corrie Marian,cmarianmw@google.cn,Construction Expeditor,Room 256,(253) 8331118
826,2,Roi Hawtin,rhawtinmx@pcworld.com,Estimator,PO Box 41937,(553) 9604113
827,15,Allsun Cattini,acattinimy@people.com.cn,Construction Expeditor,Suite 72,(150) 3347658
828,12,Lotty Atyea,latyeamz@home.pl,Estimator,Suite 89,(275) 8918271
829,16,Arlie Rosthorn,arosthornn0@cdc.gov,Electrician,12th Floor,(459) 7385570
830,18,Moll Alberts,malbertsn1@cargocollective.com,Construction Expeditor,Suite 10,(253) 8301681
831,11,Dionne Ashenhurst,dashenhurstn2@nationalgeographic.com,Electrician,Room 725,(364) 3861784
832,10,Kaylyn Lorroway,klorrowayn3@jugem.jp,Engineer,PO Box 33324,(299) 1802868
833,17,Robinett Bramley,rbramleyn4@yandex.ru,Estimator,Apt 1832,(584) 2484515
834,20,Janelle Bartusek,jbartusekn5@uol.com.br,Engineer,PO Box 84701,(727) 3954775
835,19,Isabel Hayle,ihaylen6@china.com.cn,Supervisor,Room 454,(978) 6743344
836,8,Raff Virgo,rvirgon7@cyberchimps.com,Construction Expeditor,Suite 26,(717) 4792539
837,13,Elnore Housby,ehousbyn8@springer.com,Estimator,Room 611,(236) 4770247
838,5,Nicolai Serchwell,nserchwelln9@yellowbook.com,Architect,Suite 65,(851) 9964810
839,6,Kelcy Sappson,ksappsonna@list-manage.com,Project Manager,PO Box 24589,(313) 7097767
840,7,Ailina Milmo,amilmonb@usda.gov,Estimator,Room 1634,(606) 5208270
841,9,Bathsheba Haddy,bhaddync@bbc.co.uk,Construction Worker,Suite 12,(794) 3631801
842,14,Ruddie Spire,rspirend@sakura.ne.jp,Construction Expeditor,Room 71,(618) 8455485
843,19,Sib Burchett,sburchettne@deviantart.com,Subcontractor,Suite 75,(127) 9146457
844,1,Kinna Axcel,kaxcelnf@gnu.org,Construction Foreman,Apt 186,(642) 1259273
845,6,Inglis Girardy,igirardyng@theglobeandmail.com,Architect,Room 1601,(484) 5996949
846,12,Jemima Everard,jeverardnh@google.es,Electrician,Room 1254,(575) 8692842
847,16,Rora Bartalini,rbartalinini@oracle.com,Engineer,3rd Floor,(831) 8950454
848,4,Carin Kitchinghan,ckitchinghannj@about.me,Estimator,Suite 30,(471) 4308334
849,5,Kylen Somerlie,ksomerlienk@macromedia.com,Supervisor,PO Box 51245,(367) 9779054
850,13,Jewell Jeves,jjevesnl@nationalgeographic.com,Construction Manager,PO Box 24135,(590) 1245162
851,17,Clara Thurstan,cthurstannm@constantcontact.com,Construction Manager,PO Box 78472,(602) 9267295
852,13,Theda Syrie,tsyrienn@fastcompany.com,Subcontractor,Room 1375,(270) 1517412
853,15,Vassily Currm,vcurrmno@oracle.com,Electrician,Suite 85,(500) 6703874
854,20,Dayna Sobey,dsobeynp@phpbb.com,Estimator,Room 1117,(787) 9983651
855,9,Pollyanna Bickerdicke,pbickerdickenq@utexas.edu,Construction Foreman,Apt 1851,(937) 8275474
856,5,Ernestus Zanazzi,ezanazzinr@tamu.edu,Construction Manager,13th Floor,(602) 8538219
857,11,George Aberkirdo,gaberkirdons@shareasale.com,Project Manager,Room 1949,(461) 8726260
858,1,Nicol Tink,ntinknt@360.cn,Subcontractor,Suite 47,(765) 4394904
859,8,Kimball Spikeings,kspikeingsnu@marriott.com,Engineer,PO Box 65226,(186) 9055745
860,12,Nertie Attryde,nattrydenv@yahoo.co.jp,Engineer,Suite 80,(335) 3032011
861,4,Myrtle Norcross,mnorcrossnw@who.int,Estimator,Suite 73,(702) 9150157
862,2,Win Duchatel,wduchatelnx@nasa.gov,Architect,5th Floor,(124) 8016025
863,14,Ric Gunney,rgunneyny@networksolutions.com,Estimator,Apt 902,(190) 3622773
864,6,Roanne Peyzer,rpeyzernz@spiegel.de,Supervisor,Apt 1840,(450) 3259062
865,16,Angil Farmar,afarmaro0@a8.net,Estimator,Room 972,(715) 5041956
866,3,Rurik Claypoole,rclaypooleo1@adobe.com,Estimator,Room 1423,(403) 2311331
867,19,Shandeigh Boland,sbolando2@live.com,Project Manager,Suite 56,(982) 5604788
868,18,Myles Torresi,mtorresio3@cocolog-nifty.com,Architect,9th Floor,(127) 9416493
869,10,Lurline Durman,ldurmano4@multiply.com,Supervisor,8th Floor,(290) 7452938
870,7,Leanna Meriton,lmeritono5@oakley.com,Estimator,Apt 792,(644) 1136007
871,8,Alexi Boatright,aboatrighto6@webnode.com,Construction Worker,Suite 33,(456) 3478056
872,17,Sherwynd Ramsden,sramsdeno7@microsoft.com,Construction Worker,Apt 1898,(711) 6257073
873,3,Willabella Cobby,wcobbyo8@ovh.net,Construction Manager,Suite 37,(560) 7456494
874,15,Sonnie Gladding,sgladdingo9@twitter.com,Subcontractor,PO Box 95001,(100) 4680340
875,9,Margot Meffan,mmeffanoa@rambler.ru,Engineer,Room 950,(865) 9396764
876,13,Conrade Beverage,cbeverageob@yahoo.com,Architect,Suite 8,(364) 3721127
877,11,Pauli Bramham,pbramhamoc@si.edu,Construction Expeditor,Room 1839,(793) 1612164
878,18,Florence Mattin,fmattinod@google.pl,Estimator,Suite 75,(534) 8301809
879,7,Gavra Stodit,gstoditoe@tmall.com,Construction Foreman,Room 1099,(399) 2943013
880,1,Paulie Speechley,pspeechleyof@soundcloud.com,Construction Expeditor,Suite 15,(298) 9433264
881,19,Elysia Wedgwood,ewedgwoodog@narod.ru,Engineer,Room 910,(369) 9335360
882,14,Darelle Sidsaff,dsidsaffoh@sciencedaily.com,Construction Expeditor,Apt 139,(362) 2119573
883,5,Arabella Desforges,adesforgesoi@macromedia.com,Project Manager,Apt 1948,(481) 1606880
884,16,Hilary McDermot,hmcdermotoj@marketwatch.com,Surveyor,Apt 622,(855) 3271086
885,4,Vera McOnie,vmconieok@angelfire.com,Construction Manager,Room 97,(588) 5856207
886,12,Lainey Mougenel,lmougenelol@phpbb.com,Construction Foreman,10th Floor,(710) 9658498
887,2,Sharl Senchenko,ssenchenkoom@sitemeter.com,Construction Foreman,Suite 12,(182) 8314268
888,10,Shellie Stuttman,sstuttmanon@meetup.com,Supervisor,Room 938,(670) 5299793
889,6,Augustine Peacham,apeachamoo@i2i.jp,Construction Worker,Suite 57,(483) 5681461
890,20,Elora Trenfield,etrenfieldop@jiathis.com,Construction Manager,Room 938,(303) 5110938
891,13,Balduin Murgatroyd,bmurgatroydoq@va.gov,Engineer,Room 783,(683) 3807874
892,10,Jesus Postins,jpostinsor@princeton.edu,Project Manager,Suite 5,(827) 6389671
893,11,Wini Sargent,wsargentos@arizona.edu,Supervisor,11th Floor,(309) 9750234
894,2,Genvieve Sutor,gsutorot@google.de,Electrician,Room 1268,(258) 7208447
895,12,Gregoor O' Neligan,goou@bigcartel.com,Surveyor,Suite 62,(122) 9259627
896,16,Haven Abbyss,habbyssov@pinterest.com,Supervisor,Suite 52,(735) 4453634
897,1,Daphne Yurlov,dyurlovow@virginia.edu,Construction Manager,Apt 1856,(570) 8673187
898,5,Hyacintha Landis,hlandisox@dot.gov,Construction Worker,Apt 1822,(562) 2702169
899,20,Steffie Pellissier,spellissieroy@g.co,Surveyor,Apt 297,(721) 6745579
900,18,Valery Lowther,vlowtheroz@multiply.com,Architect,Apt 1878,(549) 9356677
901,19,Farlie Goodsir,fgoodsirp0@ftc.gov,Construction Worker,Apt 1348,(800) 5393946
902,4,Edi Whipple,ewhipplep1@baidu.com,Supervisor,Room 1409,(323) 6262832
903,11,Maximo Chatres,mchatresp2@youtube.com,Construction Worker,11th Floor,(357) 2228237
904,9,Marybeth Skeermor,mskeermorp3@over-blog.com,Supervisor,PO Box 93169,(711) 9537276
905,18,Mathew Jutson,mjutsonp4@shop-pro.jp,Surveyor,PO Box 76361,(114) 2318563
906,5,Jaquith Watts,jwattsp5@oaic.gov.au,Surveyor,Suite 31,(580) 9149933
907,14,Sarine Carlin,scarlinp6@time.com,Architect,Apt 138,(823) 6338394
908,1,Kareem Harrap,kharrapp7@tamu.edu,Engineer,Apt 785,(829) 8592290
909,2,Rosanna Forrest,rforrestp8@bizjournals.com,Subcontractor,Suite 40,(898) 9235020
910,6,Barnard Pagram,bpagramp9@cbslocal.com,Estimator,PO Box 86719,(893) 9316307
911,17,Ebenezer Bernolet,ebernoletpa@cbc.ca,Estimator,Room 284,(485) 6897535
912,15,Lanna Figge,lfiggepb@businessweek.com,Construction Foreman,PO Box 53497,(676) 4159271
913,16,Say Le Grys,slepc@google.ca,Engineer,Suite 37,(121) 5744775
914,20,Vivianne Normandale,vnormandalepd@walmart.com,Electrician,Room 185,(267) 6435667
915,7,Brittaney Girke,bgirkepe@theatlantic.com,Construction Foreman,11th Floor,(370) 9541342
916,3,Morey Ridett,mridettpf@marketwatch.com,Construction Worker,Apt 811,(855) 5847803
917,10,Ermin Adamec,eadamecpg@apache.org,Architect,Room 1152,(240) 8462230
918,12,Patricio Sturm,psturmph@oakley.com,Construction Foreman,PO Box 45449,(654) 2530635
919,8,Aileen Bevis,abevispi@jalbum.net,Construction Worker,Apt 1284,(598) 7946395
920,13,Uriah McGlue,umcgluepj@mapquest.com,Surveyor,Suite 84,(670) 1740716
921,2,Denice Gomme,dgommepk@vkontakte.ru,Project Manager,Room 1821,(266) 2306917
922,5,Simonne Hawkes,shawkespl@businessinsider.com,Engineer,6th Floor,(763) 9872297
923,13,Any Staig,astaigpm@behance.net,Supervisor,Suite 74,(430) 9317520
924,11,Alphonse Roebottom,aroebottompn@hugedomains.com,Engineer,Suite 89,(485) 3443123
925,10,Yolanda Reuter,yreuterpo@timesonline.co.uk,Supervisor,Room 657,(974) 8784886
926,16,Leda Girton,lgirtonpp@creativecommons.org,Subcontractor,PO Box 25138,(150) 8214741
927,7,Grissel Licence,glicencepq@g.co,Construction Manager,Suite 9,(845) 4792402
928,19,Vincenz Cleobury,vcleoburypr@businesswire.com,Construction Foreman,Room 1179,(802) 7943027
929,8,Evaleen Cardenosa,ecardenosaps@blogtalkradio.com,Supervisor,Suite 14,(654) 7337412
930,14,Noah Pennini,npenninipt@youtu.be,Construction Expeditor,Room 1781,(561) 3585095
931,20,Den Gresley,dgresleypu@techcrunch.com,Architect,PO Box 2550,(969) 3493462
932,17,Franny Corrington,fcorringtonpv@aol.com,Project Manager,20th Floor,(855) 4629302
933,18,Lilith Witherby,lwitherbypw@prlog.org,Architect,Room 1917,(480) 1123053
934,9,Bayard Izzatt,bizzattpx@google.es,Project Manager,PO Box 191,(391) 2199278
935,3,Bron Dregan,bdreganpy@latimes.com,Electrician,Suite 62,(928) 7573606
936,1,Felizio Cresar,fcresarpz@blogtalkradio.com,Architect,PO Box 53078,(560) 9445376
937,15,Lorens Veschambre,lveschambreq0@tamu.edu,Construction Worker,PO Box 56896,(232) 5251836
938,6,Portie Catterill,pcatterillq1@hp.com,Estimator,Apt 1983,(493) 8794518
939,12,Nikolaus Stannis,nstannisq2@cbsnews.com,Construction Expeditor,2nd Floor,(116) 4203627
940,4,Ainslie MacCahey,amaccaheyq3@nps.gov,Engineer,Suite 35,(674) 8732229
941,15,Brittani Blazewicz,bblazewiczq4@redcross.org,Engineer,19th Floor,(739) 7366533
942,18,Trescha Spurdle,tspurdleq5@eventbrite.com,Construction Worker,PO Box 25364,(696) 8856132
943,4,Erskine Kinchin,ekinchinq6@nih.gov,Construction Manager,Apt 1136,(139) 6802491
944,17,Nerty Lettson,nlettsonq7@umn.edu,Architect,PO Box 28478,(136) 7984688
945,1,Bird Vanini,bvaniniq8@eepurl.com,Surveyor,PO Box 78446,(971) 3176411
946,16,Rodrique Monck,rmonckq9@webeden.co.uk,Surveyor,7th Floor,(263) 4453795
947,9,Noe McGreay,nmcgreayqa@w3.org,Construction Foreman,Room 496,(837) 7224379
948,8,Dud Scottini,dscottiniqb@about.me,Engineer,Suite 48,(374) 5180907
949,11,Peterus Pigdon,ppigdonqc@topsy.com,Project Manager,Suite 82,(819) 2457855
950,13,Carlin Point,cpointqd@last.fm,Architect,PO Box 80592,(754) 5288252
951,12,Reade Morcombe,rmorcombeqe@yellowbook.com,Project Manager,PO Box 79431,(607) 4166442
952,19,Leland Iacoboni,liacoboniqf@tripod.com,Architect,Apt 153,(304) 1282925
953,20,Felix Glaister,fglaisterqg@springer.com,Architect,17th Floor,(259) 3140497
954,11,Brook Darbon,bdarbonqh@pcworld.com,Construction Worker,PO Box 64570,(209) 5555254
955,2,Millicent McParlin,mmcparlinqi@jalbum.net,Construction Manager,Suite 13,(530) 8239063
956,5,Layne Lukianovich,llukianovichqj@twitpic.com,Electrician,Suite 91,(992) 6892570
957,9,Eleen Gianninotti,egianninottiqk@nature.com,Estimator,Apt 1835,(999) 6416734
958,10,Justinn Studman,jstudmanql@theglobeandmail.com,Construction Foreman,Room 1385,(725) 3171659
959,1,Winston Wreakes,wwreakesqm@studiopress.com,Surveyor,Room 299,(177) 7806391
960,18,Jenn Coathup,jcoathupqn@thetimes.co.uk,Engineer,19th Floor,(733) 7751735
961,17,Grace Crutchley,gcrutchleyqo@omniture.com,Estimator,Suite 41,(488) 2438432
962,8,El Maynard,emaynardqp@themeforest.net,Construction Expeditor,PO Box 28127,(470) 5594414
963,6,Hagen Weadick,hweadickqq@home.pl,Electrician,Apt 289,(561) 8914531
964,4,Anitra McAvin,amcavinqr@ow.ly,Construction Manager,Room 917,(761) 5167779
965,13,Merla Gallen,mgallenqs@tmall.com,Construction Worker,Suite 12,(997) 3780130
966,14,Joelynn Cain,jcainqt@sourceforge.net,Construction Expeditor,12th Floor,(184) 8955855
967,7,Lucine Strand,lstrandqu@goo.ne.jp,Estimator,Apt 1796,(632) 3396786
968,3,Mortimer Bladen,mbladenqv@chicagotribune.com,Estimator,Apt 1232,(688) 6308296
969,16,Tamra De la Zenne,tdeqw@lycos.com,Project Manager,8th Floor,(203) 3866694
970,15,Deva Bratch,dbratchqx@cdc.gov,Supervisor,18th Floor,(691) 9992580
971,9,Agnesse Renachowski,arenachowskiqy@blogspot.com,Project Manager,Room 1058,(265) 6474869
972,14,Loretta Panniers,lpanniersqz@posterous.com,Project Manager,4th Floor,(379) 9982903
973,1,Mathian Gingedale,mgingedaler0@desdev.cn,Construction Expeditor,Room 308,(853) 7413222
974,10,Lambert Dreier,ldreierr1@cbsnews.com,Estimator,12th Floor,(600) 1131405
975,12,Bob Tessington,btessingtonr2@unicef.org,Construction Expeditor,PO Box 71455,(700) 1152604
976,6,Philip Mews,pmewsr3@nih.gov,Construction Foreman,Room 1247,(911) 1530161
977,16,Roxanne Addenbrooke,raddenbrooker4@indiatimes.com,Construction Worker,1st Floor,(322) 5058303
978,15,Sidonia Fitzsymon,sfitzsymonr5@sun.com,Construction Manager,Room 1875,(845) 5904076
979,5,Geri Gwinnett,ggwinnettr6@wordpress.org,Architect,PO Box 46905,(537) 9963194
980,4,Kirstin Phipard-Shears,kphipardshearsr7@businesswire.com,Subcontractor,Suite 32,(784) 1578524
981,11,Claiborne Currey,ccurreyr8@com.com,Subcontractor,PO Box 57000,(934) 4541123
982,8,Murdock Sinton,msintonr9@who.int,Engineer,Suite 79,(996) 2288335
983,17,Lillis Francklin,lfrancklinra@blog.com,Construction Expeditor,Suite 95,(614) 3792807
984,2,Rafaellle Bes,rbesrb@sohu.com,Construction Expeditor,Apt 4,(405) 3732957
985,20,Chris Eva,cevarc@sun.com,Estimator,Suite 76,(192) 8800980
986,18,Elyse Garry,egarryrd@npr.org,Engineer,Room 1953,(471) 5899026
987,13,Kelsy Tombling,ktomblingre@usa.gov,Architect,Suite 72,(883) 1755962
988,19,Kerry Schwieso,kschwiesorf@walmart.com,Electrician,Suite 81,(773) 7893778
989,3,Elana Mortlock,emortlockrg@ft.com,Construction Worker,Room 1025,(190) 6069657
990,7,Jan Juza,jjuzarh@seesaa.net,Construction Expeditor,Apt 693,(463) 4211755
991,1,Anet Kingdon,akingdonri@ovh.net,Architect,18th Floor,(963) 2417457
992,20,Kippy Allonby,kallonbyrj@pen.io,Construction Manager,Apt 1651,(124) 3819541
993,14,Hillary Lytton,hlyttonrk@bbc.co.uk,Engineer,PO Box 73707,(302) 8812574
994,10,Ema Deny,edenyrl@goodreads.com,Construction Expeditor,Room 845,(357) 7646430
995,6,Alana Skillings,askillingsrm@4shared.com,Construction Manager,Room 1456,(346) 4188906
996,3,Krystle Woolvett,kwoolvettrn@nasa.gov,Electrician,19th Floor,(946) 7571926
997,15,Cassandry Sawyers,csawyersro@ocn.ne.jp,Project Manager,Apt 396,(843) 8015676
998,19,Hank McGiveen,hmcgiveenrp@earthlink.net,Construction Manager,PO Box 10975,(520) 7923465
999,13,Lefty Shaudfurth,lshaudfurthrq@amazon.co.jp,Architect,15th Floor,(291) 3309833
1000,5,Jareb Nichols,jnicholsrr@engadget.com,Construction Manager,16th Floor,(259) 4938404
